id_seq_pos,reactivity,deg_Mg_pH10,deg_pH10,deg_Mg_50C,deg_50C
1_0,0.3621476,0.3589063,0.20279181,0.190836,0.21125363
1_1,0.21830241,0.21543808,0.15998861,0.12857533,0.14093877
1_2,0.35160837,0.4128343,0.39108035,0.3826898,0.399418
1_3,0.5588307,0.26737753,0.20453712,0.21019761,0.25701776
1_4,0.22242653,0.27560815,0.29276407,0.23533283,0.2762487
1_5,0.32881147,0.19911756,0.24903701,0.190089,0.4508189
1_6,0.2715253,0.35254136,0.26640096,0.21885704,0.37886226
1_7,0.54321855,0.24144523,0.24150507,0.1577768,0.2517641
1_8,0.25823548,0.34279776,0.30174652,0.26540476,0.34719825
1_9,0.27358666,0.24162023,0.13676359,0.15646562,0.16867906
1_10,0.42970964,0.5349381,0.37356135,0.33820426,0.43077093
1_11,0.42336014,0.45443854,0.3100612,0.36554042,0.33420575
1_12,0.44887972,0.50321525,0.37616697,0.42860875,0.46325436
1_13,0.66846603,0.32266793,0.33083913,0.2326879,0.3931583
1_14,0.91341364,0.4347065,0.32964185,0.3861143,0.36121756
1_15,0.40824732,0.31835595,0.3148336,0.2566545,0.33828256
1_16,0.82380605,0.5331847,0.32047948,0.33400953,0.51136994
1_17,0.8845018,0.39940536,0.5484262,0.28574207,0.69236964
1_18,0.5163694,0.43460092,0.5734039,0.32970202,0.5725554
1_19,0.32278296,0.4932684,0.41808495,0.3966229,0.46409637
1_20,0.34283093,0.31418154,0.23090158,0.24186537,0.21991299
1_21,0.4011113,0.28492922,0.31546628,0.1950512,0.30557954
1_22,0.34647194,0.57414573,0.49580637,0.48650542,0.46814826
1_23,0.23883271,0.39533857,0.34355935,0.37908262,0.39308685
1_24,0.25241715,0.39318916,0.41539025,0.3547771,0.4299317
1_25,0.4905979,0.44296104,0.33521023,0.26773995,0.29666916
1_26,0.34549895,0.40900168,0.41621378,0.27414823,0.45442975
1_27,0.19144262,0.38104585,0.38786578,0.36147723,0.3404826
1_28,0.1567717,0.29805964,0.31203672,0.24251327,0.3658168
1_29,0.839259,0.49895182,0.53794473,0.35099208,0.5639681
1_30,0.44334528,0.37073144,0.3527291,0.21672894,0.25730777
1_31,0.27256897,0.39363843,0.37994123,0.26896924,0.3369968
1_32,0.24740249,0.3255723,0.4161856,0.27913302,0.38502812
1_33,0.32345235,0.43066338,0.4512041,0.2065748,0.34877974
1_34,0.40669876,0.45312092,0.40951404,0.28411776,0.53123444
1_35,0.44228363,0.2950958,0.25889722,0.19673994,0.37804544
1_36,0.47658798,0.5041373,0.48122093,0.41058508,0.4428406
1_37,0.29630914,0.42302772,0.27394348,0.27502096,0.25298604
1_38,0.5504806,1.0038414,0.63200456,0.6986178,0.6608818
1_39,0.7295713,0.3368582,0.35096094,0.1938361,0.312912
1_40,0.81953216,0.6737882,0.7695061,0.54628205,0.796725
1_41,0.61507577,0.28968617,0.47643045,0.24678959,0.44764087
1_42,0.5923973,0.5309171,0.58316,0.38006592,0.63638717
1_43,0.57952946,0.5112707,0.62445754,0.53764623,0.71291775
1_44,0.37900388,0.55356413,0.66301256,0.70683295,0.7327058
1_45,0.45659277,0.46224773,0.4872636,0.32645303,0.43961662
1_46,0.78956884,0.5613286,0.43789485,0.28758448,0.5592573
1_47,0.21241194,0.26511177,0.21001564,0.20131066,0.26061025
1_48,0.23453899,0.28560394,0.21975905,0.26996577,0.24611317
1_49,0.22432593,0.3981352,0.22653298,0.2748997,0.27016738
1_50,0.2894008,0.28924716,0.18376453,0.20716017,0.18183425
1_51,0.27198496,0.3528076,0.27084494,0.17783427,0.2856177
1_52,0.32633367,0.43089822,0.30951098,0.2142958,0.25242284
1_53,0.14764653,0.30134156,0.24449132,0.15905796,0.21115413
1_54,0.13161404,0.42721814,0.32574037,0.2240079,0.26175746
1_55,0.17392413,0.3882677,0.27554607,0.16735557,0.30583182
1_56,0.25052273,0.21382837,0.18175381,0.09803787,0.16494223
1_57,0.19653831,0.3286179,0.19000146,0.20964482,0.17967334
1_58,0.2698159,0.34342527,0.21417825,0.17597823,0.1848512
1_59,0.29754135,0.4870198,0.5292205,0.28343153,0.44091892
1_60,0.34608603,0.5179201,0.37186003,0.217011,0.26058286
1_61,0.2461221,0.37989417,0.31780675,0.22137198,0.37605435
1_62,0.24292977,0.32810444,0.21132079,0.25679374,0.19410047
1_63,0.17390628,0.32181844,0.29093364,0.26417783,0.2839743
1_64,0.30280104,0.29560763,0.23885961,0.2779373,0.28954697
1_65,0.4008132,0.46977815,0.3409279,0.32473713,0.39508647
1_66,0.44654396,0.28944027,0.3837572,0.1799725,0.3853353
1_67,0.2828836,0.3650672,0.25212654,0.19764203,0.22527438
1_68,0.659478,0.74890435,0.5994777,0.54662097,0.54880124
1_69,0.7742579,0.44812313,0.46075502,0.45482343,0.6180715
1_70,0.70505214,0.34089437,0.3073599,0.41621032,0.53069013
1_71,0.8448592,0.5882623,0.46775773,0.4183051,0.57589346
1_72,0.6575473,0.5511002,0.42979482,0.48334575,0.5662747
1_73,0.35756135,0.5623024,0.6473461,0.5520798,0.68875486
1_74,0.284255,0.36197516,0.22300093,0.25109455,0.200988
1_75,0.31047705,0.31150272,0.22466086,0.25052685,0.30032077
1_76,0.43377373,0.2629483,0.21459974,0.23599587,0.25937822
1_77,0.43570903,0.23540138,0.29869756,0.16755971,0.21292074
1_78,0.18496552,0.24212573,0.30218628,0.14514408,0.28977633
1_79,0.2127122,0.33131054,0.2916334,0.2815609,0.2310691
1_80,0.2641307,0.32186896,0.3740531,0.33902192,0.39883265
1_81,0.40871868,0.20542088,0.18812518,0.19362168,0.2547879
1_82,0.44845372,0.20567891,0.1929187,0.16277237,0.35833353
1_83,0.4201376,0.43463603,0.26030976,0.33132446,0.47152358
1_84,0.56216216,0.83732164,0.37707192,0.6612513,0.44171536
1_85,0.6626249,0.49416795,0.5241628,0.40524203,0.5767903
1_86,0.72766554,0.77223516,0.72362834,0.72736263,0.66445345
1_87,0.5015451,0.29022518,0.35275525,0.34889764,0.47131065
1_88,0.83661157,0.46530345,0.54886955,0.48236337,0.77387637
1_89,0.34889758,0.59408134,0.3964866,0.5247588,0.52903855
1_90,0.2926785,0.30015585,0.2549813,0.2584105,0.34767085
1_91,0.20196076,0.20063469,0.18765308,0.14924602,0.20593734
1_92,0.23886882,0.34608158,0.20829862,0.20036763,0.2968318
1_93,0.38651425,0.35526237,0.25236836,0.26791015,0.33799174
1_94,0.60005355,0.64448446,0.53597194,0.4778624,0.48826414
1_95,0.35754564,0.34026226,0.29292127,0.208799,0.38502967
1_96,1.2313148,1.0232798,0.6688768,1.021755,0.8349082
1_97,0.8143054,0.44798166,0.5181958,0.5660649,0.76780313
1_98,0.8128281,0.37818518,0.52527755,0.3693176,0.40991646
1_99,0.69184226,0.79679894,0.66435236,0.66168845,0.6676366
1_100,1.2391412,0.3243741,0.5807513,0.24625725,0.6257463
1_101,1.2820703,0.38118082,0.5369205,0.26595145,0.44705582
1_102,0.22692512,0.34817657,0.32854718,0.36388904,0.3796668
1_103,0.2491155,0.254809,0.3550125,0.2614826,0.30017164
1_104,0.3197073,0.26871333,0.48127326,0.18409288,0.44378418
1_105,0.2799742,0.3273768,0.24348356,0.20509523,0.33021152
1_106,0.25265816,0.19989891,0.19469298,0.12774219,0.22332393
1_107,0.26746124,0.33228806,0.27828947,0.2482982,0.2522804
1_108,0.4085449,0.37630773,0.32874212,0.2582847,0.27925974
1_109,0.4631699,0.2738352,0.3531854,0.1148515,0.2601019
1_110,0.26197892,0.2740459,0.30328885,0.1259346,0.25885445
1_111,0.23568188,0.38061628,0.31273857,0.22906262,0.28697497
1_112,0.3747799,0.4982114,0.43520728,0.4097184,0.45884496
1_113,0.31345508,0.44416967,0.37060902,0.29906976,0.29127663
1_114,0.35258353,0.4765462,0.50617105,0.27830055,0.43172586
1_115,0.4085731,0.35898253,0.4079801,0.2512879,0.44556165
1_116,0.46846816,0.34073773,0.25966856,0.19038245,0.19827023
1_117,0.28540382,0.37030926,0.30132034,0.34396124,0.38060182
1_118,0.17293526,0.27975512,0.25507578,0.27659017,0.26528698
1_119,0.7161962,0.50077784,0.34288862,0.40321302,0.31878483
1_120,0.75038046,0.33950904,0.36548543,0.27599937,0.5968248
1_121,0.64608306,0.32482615,0.23364906,0.2632,0.27084586
1_122,0.4116467,0.41637686,0.6221165,0.35450715,0.6581823
1_123,1.8205651,0.8067593,1.0980984,1.0140945,1.0081449
1_124,0.9373012,0.9922187,1.0920643,0.9312061,1.0120633
1_125,0.57747525,0.45393172,0.29865104,0.38427988,0.29486427
1_126,0.37701672,0.5076961,0.48954675,0.5500539,0.6888578
1_127,0.98579925,0.54043573,0.59396595,0.64927155,0.68973297
1_128,0.86068857,0.43936476,0.34273234,0.41028744,0.65771294
1_129,0.8084712,0.35017318,0.69061536,0.37532645,0.6321242
1_130,1.1701366,0.9685408,0.5557633,0.6736003,0.66629547
1_131,0.7196923,0.43370393,0.617624,0.48311377,0.583369
1_132,0.55484486,0.2802911,0.26946804,0.23498785,0.3160512
1_133,0.24786419,0.26811713,0.18258707,0.22893924,0.32539988
1_134,0.23536682,0.33182788,0.22752954,0.2513049,0.24121258
1_135,0.22055927,0.33717823,0.20371354,0.28241038,0.23079532
1_136,0.41714957,0.33015436,0.19631721,0.20159519,0.25397646
1_137,0.42103025,0.26029012,0.20421042,0.14039886,0.2178964
1_138,0.26524818,0.32842863,0.25545326,0.24968353,0.24625354
1_139,0.25508025,0.29252782,0.23045371,0.19816037,0.293047
1_140,0.7792677,0.4632731,0.4083446,0.32213828,0.370297
1_141,0.2672685,0.31145558,0.2763618,0.22392195,0.3528443
1_142,0.2910224,0.45505702,0.50054085,0.32951736,0.43198976
1_143,0.43883032,0.43874288,0.3971272,0.23943321,0.3327896
1_144,0.6522641,0.43917912,0.28973994,0.16467932,0.30689013
1_145,0.27863774,0.25663373,0.2367119,0.12347173,0.22292072
1_146,0.24084863,0.3169692,0.2311499,0.22039655,0.20951502
1_147,0.18896648,0.60613126,0.56162006,0.41312742,0.46076697
1_148,0.30111963,0.45702043,0.4263734,0.26136953,0.24856856
1_149,0.6950648,0.7257995,0.6903382,0.6428662,0.5249221
1_150,0.45441672,0.4564233,0.49699917,0.2298708,0.29511988
1_151,0.3101637,0.53314275,0.19718143,0.32699794,0.238797
1_152,0.45387766,0.3962187,0.60513395,0.41625625,0.73489875
1_153,0.5142559,0.8705456,0.3806935,0.5723303,0.50498235
1_154,0.36359772,0.4417394,0.33127278,0.27272505,0.29212642
1_155,0.39892116,0.7140923,0.81745297,0.498452,0.60036975
1_156,0.5865782,0.54293615,0.53255373,0.1747402,0.3991799
1_157,0.2756322,0.32524928,0.402796,0.15405142,0.4112963
1_158,0.34973642,0.286195,0.28383932,0.20238703,0.2609266
1_159,0.35109705,0.78110933,0.5306199,0.545958,0.50488234
1_160,0.5118877,0.5803442,0.48907253,0.38870022,0.4580609
1_161,0.52142936,0.38856405,0.24942686,0.1956352,0.28262675
1_162,0.47084522,0.33809865,0.48325,0.2132915,0.39446428
1_163,0.4263674,0.3408259,0.36202392,0.26156873,0.32275748
1_164,0.37134108,0.5563529,0.47853503,0.37572426,0.44101232
1_165,0.38296244,0.5654759,0.5347158,0.43996912,0.5323307
1_166,0.26763332,0.31961778,0.17595138,0.21692047,0.2320067
1_167,0.41471812,0.34348723,0.32591403,0.19727942,0.30742607
1_168,0.8015544,0.48645642,0.6912182,0.27198195,0.42880845
1_169,0.21434575,0.29512843,0.3312153,0.23624215,0.36507314
1_170,0.2666353,0.43454394,0.4926149,0.33174515,0.381963
1_171,0.35677546,0.41743645,0.38723713,0.2184956,0.31966332
1_172,0.5034272,0.47232208,0.4352611,0.39809725,0.46239918
1_173,0.41238174,0.33231482,0.3237703,0.27344745,0.42335987
1_174,0.38238028,0.20740455,0.07922681,0.08739972,0.09334331
1_175,0.35242954,0.29840735,0.22054215,0.20844018,0.33169422
1_176,0.35804343,0.326789,0.29170057,0.34163028,0.32253975
1_177,0.41672114,0.2699829,0.09213409,0.19919927,0.17948356
1_178,0.3996456,0.33650315,0.24944498,0.26992536,0.29658717
1_179,0.47717848,0.373417,0.27994186,0.26521406,0.22389707
1_180,0.3662644,0.48779753,0.64077276,0.43583578,0.51874214
1_181,0.3876708,0.43448812,0.25975463,0.26219112,0.29398423
1_182,0.50481224,0.6001889,0.66266733,0.29772124,0.6683393
1_183,0.48064142,0.4536001,0.3485265,0.35947493,0.4029209
1_184,0.35032928,0.52719516,0.36981285,0.583578,0.48574683
1_185,0.19811636,0.2667434,0.1355073,0.18832573,0.121827655
1_186,0.28545102,0.54802006,0.4857559,0.39603198,0.43198365
1_187,0.5445269,0.38008732,0.29146424,0.32467443,0.42878598
1_188,0.49625617,0.39613292,0.44966465,0.3507275,0.54149824
1_189,0.19219185,0.3845166,0.31695482,0.2659917,0.3259473
1_190,0.52816814,0.7822961,0.80489177,0.6439488,0.73321193
1_191,0.8339675,0.81637895,1.0718057,0.64805025,0.8880987
1_192,0.36052033,0.5785799,0.61210823,0.39470178,0.5058146
1_193,0.5159316,0.61498535,0.5109382,0.49429196,0.5197698
1_194,1.1218868,0.49579814,0.65517265,0.43133962,0.68822414
1_195,0.90570587,0.696159,0.821356,0.44059205,0.7473349
1_196,0.94474745,0.6101125,0.53240794,0.5593258,0.60409963
1_197,0.53195095,0.35649002,0.46304226,0.39963895,0.6120549
1_198,0.9826829,0.5310655,0.42067823,0.38946116,0.36628333
1_199,0.4992304,0.41491047,0.33873072,0.15887336,0.3112225
1_200,0.32392198,0.36848703,0.4024743,0.19246474,0.41481048
1_201,0.30078676,0.22222687,0.2100664,0.13187921,0.23595452
1_202,0.18116945,0.3831926,0.48813483,0.2509126,0.35557538
1_203,0.4834505,0.31555513,0.31329817,0.20277156,0.36253938
1_204,0.48285303,0.46017322,0.3480805,0.29504645,0.3814962
1_205,0.1900405,0.2913849,0.2203259,0.23378229,0.22108342
1_206,0.12275747,0.2840699,0.28208065,0.2376082,0.22484416
1_207,0.37986925,0.23974673,0.28215474,0.22132687,0.37090817
1_208,0.36921605,0.31657737,0.20733921,0.18254808,0.1993067
1_209,0.25725448,0.16869703,0.15306675,0.11707034,0.16109678
1_210,0.21621774,0.3446876,0.28760013,0.3017918,0.35585523
1_211,0.5400712,0.27085525,0.20739874,0.14254624,0.20762914
1_212,0.6322071,0.47356543,0.4451246,0.5206805,0.6493185
1_213,0.77582735,0.57232004,0.52574474,0.5381697,0.70863694
1_214,0.49845552,0.34323275,0.29177538,0.27202764,0.3621999
1_215,0.2129675,0.36842918,0.21030714,0.2858924,0.24354279
1_216,0.2580712,0.24668019,0.1635618,0.21019217,0.21181129
1_217,0.3257956,0.36603367,0.43902096,0.38835618,0.46192873
1_218,0.22993375,0.33209226,0.37470877,0.35730106,0.35225633
1_219,0.6289851,0.42529145,0.34429476,0.32711482,0.40664232
1_220,0.86775345,0.47648898,0.75653774,0.2845416,0.7772433
1_221,0.91511077,0.41963735,0.52975196,0.23751837,0.33503872
1_222,0.23674639,0.30282632,0.3693036,0.26444322,0.3623903
1_223,0.33471495,0.7258663,0.6607544,0.6343219,0.5846843
1_224,0.43489328,0.5578495,0.48125234,0.36066133,0.40454346
1_225,0.6385504,0.63186,0.488591,0.3507344,0.4226578
1_226,0.30592754,0.27495012,0.05432087,0.067008026,0.04752106
1_227,0.20088255,0.25706226,0.2536429,0.17935577,0.20200802
1_228,0.2699221,0.20943469,0.18830054,0.15051286,0.17840756
1_229,0.8146161,0.44365224,0.38399926,0.25317386,0.40048975
1_230,0.20629023,0.31793317,0.41110304,0.21784669,0.30214435
1_231,0.23194863,0.3021816,0.40585604,0.21332553,0.2720813
1_232,0.55732465,0.62914115,0.77337915,0.49210957,0.5787706
1_233,0.5117508,0.28347787,0.41599023,0.19834617,0.35759526
1_234,0.32956868,0.51904505,0.70195264,0.47811967,0.58688086
1_235,0.41171384,0.5169368,0.5964743,0.4220611,0.5211397
1_236,0.42099926,0.37203404,0.5233255,0.33428723,0.50808775
1_237,0.319223,0.29971203,0.25992158,0.24143827,0.34213287
1_238,0.3567318,0.3626976,0.28763205,0.23784417,0.31170034
1_239,0.50428104,0.61267513,0.7970987,0.54550666,0.6215663
1_240,0.5315199,0.43293178,0.4210685,0.26922745,0.27118808
1_241,0.9849158,0.8123339,0.9132688,0.73466367,0.9075269
1_242,0.70040804,0.46699008,0.5061762,0.34761116,0.46357834
1_243,0.5637321,0.4406187,0.40334567,0.2760942,0.31842768
1_244,0.32722363,0.48961845,0.5061237,0.34678543,0.49046046
1_245,0.27755266,0.33715138,0.45616668,0.32412475,0.47637963
1_246,0.4347667,0.5216455,0.36407664,0.39503396,0.4531662
1_247,0.40017486,0.36938414,0.29668698,0.26056746,0.38199604
1_248,0.29221025,0.47112563,0.36159316,0.42386353,0.47495297
1_249,0.4890655,0.25425908,0.20182927,0.098440625,0.20518528
1_250,0.6309184,0.54671335,0.5116491,0.5496988,0.75376207
1_251,0.418088,0.24244891,0.19877885,0.26336026,0.41157156
1_252,0.79816,0.4982967,0.4863017,0.5272864,0.5789166
1_253,0.9074376,0.73421896,0.6261512,0.77854747,0.7567921
1_254,0.6108743,0.32795957,0.38270277,0.18348631,0.2858104
1_255,0.66383123,0.573173,0.3952056,0.47048515,0.44267926
1_256,0.59995556,0.39491323,0.4276428,0.4864967,0.50303257
1_257,0.45340213,0.36056975,0.261689,0.2946948,0.29362392
1_258,0.32016775,0.39880767,0.44284377,0.4338833,0.4968643
1_259,0.5863007,0.3548468,0.33964804,0.38604206,0.42239133
1_260,0.61364657,0.32053325,0.296214,0.25332198,0.40575936
1_261,0.38424802,0.33804798,0.29502568,0.2825957,0.4360208
1_262,0.63226193,0.40015474,0.36475065,0.32676867,0.42979547
1_263,0.5149487,0.38091362,0.47528175,0.36163568,0.48693335
1_264,0.36812752,0.38226274,0.34193805,0.25482726,0.32205138
1_265,0.44192922,0.30661133,0.30711594,0.27397743,0.4435647
1_266,0.29804242,0.1537474,0.17298107,0.15526474,0.22281855
1_267,0.15467231,0.1776488,0.18783747,0.1523503,0.21080644
1_268,0.31757662,0.3158584,0.4062839,0.25099537,0.35813326
1_269,0.31246278,0.23662679,0.2153707,0.18474363,0.2173754
1_270,0.20588034,0.2138101,0.21507089,0.18417744,0.20632437
1_271,0.31231984,0.40144417,0.28134128,0.3083439,0.27246007
1_272,0.64377695,0.31267992,0.3565242,0.23195314,0.28133583
1_273,0.6220259,0.44887647,0.60270953,0.18106261,0.4178579
1_274,0.25300345,0.39636275,0.5240486,0.26407623,0.42299858
1_275,0.33359972,0.25030386,0.28918865,0.13584054,0.23351476
1_276,0.18468086,0.21015823,0.20219158,0.11192367,0.20076124
1_277,0.16061674,0.30937937,0.26200852,0.20261978,0.20237127
1_278,0.18953605,0.28546444,0.19940893,0.169512,0.18261285
1_279,0.16054957,0.2673535,0.15222001,0.17440826,0.1260653
1_280,0.16509186,0.23418371,0.16226642,0.14491615,0.1536881
1_281,0.2595546,0.24210124,0.18230705,0.1467354,0.15063843
1_282,0.29409868,0.38738266,0.2566053,0.28759778,0.28046414
1_283,0.2764988,0.34947208,0.30482268,0.2837275,0.3106029
1_284,0.42620453,0.40995952,0.36048463,0.28808126,0.41260976
1_285,0.58081377,0.45376703,0.48387745,0.2650682,0.4022638
1_286,0.3701667,0.5650261,0.34070373,0.26863933,0.34686935
1_287,0.19904281,0.2567104,0.18280458,0.14973216,0.2189509
1_288,0.17935364,0.30349562,0.3195473,0.21093145,0.31843764
1_289,0.3063207,0.4643588,0.43834767,0.22683303,0.29816204
1_290,0.25753096,0.37158749,0.23220755,0.22485071,0.1506343
1_291,0.22499438,0.43610188,0.41934347,0.35919452,0.40303934
1_292,0.29257745,0.5391918,0.46603566,0.26879507,0.32417852
1_293,0.37063226,0.42332077,0.4173675,0.32023168,0.2713729
1_294,0.17517674,0.31186503,0.30710992,0.23671597,0.31621456
1_295,0.22554211,0.34760413,0.3304539,0.31162074,0.23049632
1_296,0.27047935,0.28141436,0.21705337,0.18693995,0.14137113
1_297,0.25102562,0.32330212,0.30739364,0.18757847,0.19470018
1_298,0.21162435,0.23507835,0.24589963,0.15439206,0.17625438
1_299,0.25312647,0.2423381,0.21144415,0.16301167,0.14106357
1_300,0.29559478,0.26101953,0.19887982,0.22188616,0.16380516
1_301,0.23991863,0.16858715,0.22453262,0.124169454,0.322908
1_302,0.6578221,0.49483994,0.42251617,0.34927627,0.36546233
1_303,0.3208071,0.39554015,0.20790593,0.18912825,0.22756632
1_304,0.22852804,0.25711784,0.21737881,0.100383304,0.37684798
1_305,0.4284363,0.31668547,0.199966,0.14626266,0.18709669
1_306,0.16958386,0.24776904,0.22229953,0.19795182,0.24917474
1_307,0.21031661,0.36757025,0.2924541,0.28348106,0.3149927
1_308,0.15593761,0.23316304,0.21331982,0.23812512,0.26874262
1_309,0.12221273,0.26649877,0.18153661,0.21309063,0.20941001
1_310,0.19226526,0.20997123,0.14051755,0.15133384,0.19254667
1_311,0.40962005,0.19435261,0.16478293,0.117746584,0.14463076
1_312,0.15655278,0.2680703,0.21307524,0.09161136,0.20715722
1_313,0.19250467,0.3298618,0.27889666,0.17391235,0.28685254
1_314,0.17019409,0.2950916,0.1975242,0.17601228,0.25239557
1_315,0.1895487,0.2825857,0.19050409,0.22857083,0.23096728
1_316,0.31777728,0.3385559,0.19502468,0.14133017,0.24638969
1_317,0.5219732,0.34761187,0.15671228,0.118025355,0.18342224
1_318,0.23183788,0.29626784,0.31373194,0.22755408,0.35385436
1_319,0.3628679,0.32403994,0.33184552,0.29304868,0.35598373
1_320,0.36156425,0.29535282,0.21642876,0.1926389,0.22202256
1_321,0.26891333,0.41555238,0.39359245,0.33030176,0.35510314
1_322,0.36415094,0.3354913,0.24133177,0.16341309,0.18094051
1_323,0.42085263,0.35262617,0.26457426,0.21685612,0.21352771
1_324,0.20543645,0.28720573,0.2145655,0.21748064,0.29112664
1_325,0.22702076,0.45067415,0.31511033,0.38620642,0.28291106
1_326,0.4281699,0.34854564,0.26234308,0.17607042,0.23830645
1_327,0.34645018,0.2722233,0.23397146,0.23935127,0.25058365
1_328,0.19886224,0.16322188,0.21253161,0.13183022,0.25355357
1_329,0.18179385,0.21822847,0.20528531,0.15813887,0.23726343
1_330,0.14950548,0.30214357,0.22475173,0.19926752,0.19355267
1_331,0.43919724,0.34862736,0.27482405,0.20202911,0.29331386
1_332,0.3951287,0.30027404,0.3875221,0.12427182,0.20919307
1_333,0.15862247,0.3146157,0.26181427,0.18473616,0.19720793
1_334,0.110862635,0.28467092,0.24497913,0.15715343,0.16570207
1_335,0.21233656,0.2668468,0.18573685,0.15923747,0.13086735
1_336,0.18206559,0.18076946,0.18773957,0.12009718,0.16740218
1_337,0.40458733,0.3044772,0.1890534,0.092899494,0.1439026
1_338,0.35924497,0.4032276,0.21574934,0.16527563,0.22062014
1_339,0.91074497,0.42321834,0.53436106,0.27935138,0.41001487
1_340,0.2691421,0.50600713,0.51026803,0.3940852,0.41801834
1_341,0.46558228,0.3573004,0.4276807,0.27038667,0.36608744
1_342,0.6799404,0.5167268,0.44353244,0.35195836,0.44834116
1_343,0.21945445,0.3274093,0.23593126,0.2071292,0.20537439
1_344,0.19559555,0.24061029,0.20928077,0.16002363,0.20879588
1_345,0.13730134,0.22570924,0.1686803,0.08847051,0.1174204
1_346,0.16198702,0.29043916,0.20780727,0.10947016,0.11031446
1_347,0.298929,0.32291386,0.22478963,0.19286819,0.29109478
1_348,0.4719758,0.4754068,0.3638814,0.24718338,0.25643656
1_349,0.24958648,0.39737985,0.40446326,0.21016921,0.3091218
1_350,0.34928647,0.4250495,0.47348967,0.27414936,0.4240574
1_351,0.3269473,0.41879058,0.36784935,0.31335765,0.3695237
1_352,0.44314376,0.45395434,0.53072566,0.36322492,0.5127956
1_353,0.5173526,0.49970213,0.5172688,0.32197636,0.37793177
1_354,0.19062242,0.35170788,0.31322166,0.26288527,0.30738303
1_355,0.14624107,0.48912612,0.4659194,0.3365759,0.33930343
1_356,0.42686862,0.4467188,0.59662503,0.2526709,0.37286633
1_357,0.23096016,0.39340648,0.39791682,0.24518332,0.30963546
1_358,0.18791088,0.27331313,0.31431058,0.23093274,0.27634302
1_359,0.49598867,0.4228607,0.5247597,0.27606535,0.4021696
1_360,0.40091255,0.47340456,0.53765976,0.28320155,0.41957194
1_361,0.34309974,0.2923598,0.17456825,0.15385985,0.16340932
1_362,0.3682542,0.42377582,0.3244563,0.33276635,0.32996583
1_363,0.36520287,0.34269387,0.28661603,0.27930543,0.2319009
1_364,0.36003903,0.32691061,0.30329695,0.29210332,0.29851454
1_365,0.25335324,0.3065597,0.38747376,0.16111992,0.336093
1_366,0.25774676,0.42413363,0.2640631,0.32038414,0.31476524
1_367,0.47067648,0.47604248,0.42119968,0.4698573,0.41183165
1_368,0.339528,0.30565974,0.32242295,0.2787227,0.40899706
1_369,0.7690524,0.5051289,0.45054284,0.3142081,0.48319358
1_370,0.60802954,0.6594847,0.5380702,0.42102367,0.5319267
1_371,0.37022164,0.36523074,0.3239936,0.13661945,0.2235808
1_372,0.11949447,0.4469362,0.44151688,0.30796856,0.35937256
1_373,0.23006126,0.46071494,0.4325365,0.3095953,0.36349612
1_374,0.33223125,0.37110892,0.34459314,0.21808945,0.20124087
1_375,0.3152934,0.3682248,0.3510349,0.27464697,0.23981957
1_376,0.2923584,0.27702227,0.36390606,0.27587783,0.3995558
1_377,0.54383063,0.44966567,0.54580194,0.3834437,0.46171275
1_378,0.41789952,0.31127852,0.40085313,0.19881505,0.4538266
1_379,0.4965801,0.62855715,0.46580118,0.346943,0.33251506
1_380,0.13911633,0.23063307,0.17090808,0.17042059,0.194302
1_381,0.116316214,0.25499684,0.23347162,0.28098434,0.22876506
1_382,0.3635684,0.4807683,0.32851094,0.33039096,0.39331833
1_383,0.73090506,0.41800764,0.5802544,0.53328794,0.8447106
1_384,0.4075897,0.2539986,0.19044957,0.10360236,0.29781365
1_385,0.43747228,0.57914394,0.4724318,0.4068298,0.45536917
1_386,0.5671364,0.60331815,0.8210664,0.6237111,0.6635717
1_387,0.4498724,0.39830884,0.35917348,0.2995063,0.35681129
1_388,0.28369787,0.35597667,0.27638498,0.27716193,0.36830956
1_389,0.37911516,0.4008357,0.3675525,0.36065218,0.3727353
1_390,0.59230894,0.5076318,0.7000868,0.3842927,0.63316447
1_391,0.67072165,0.6376923,0.9070151,0.6572124,0.751605
1_392,0.4295284,0.22181629,0.42835692,0.21649615,0.46694666
1_393,0.8519111,0.51807994,0.57416886,0.47884327,0.5578193
1_394,0.3350198,0.33080265,0.28628835,0.2914117,0.31543383
1_395,0.26127774,0.35263595,0.48668203,0.2811723,0.41419575
1_396,0.3887457,0.3714804,0.35347402,0.22904474,0.3113253
1_397,0.14562367,0.30007702,0.3101617,0.21217623,0.24912697
1_398,0.14139205,0.2975802,0.3422911,0.25464898,0.27004647
1_399,0.7951928,0.6323813,1.0165312,0.21709305,0.6844949
1_400,0.3128088,0.45489952,0.49118003,0.24295327,0.3644851
1_401,0.28806266,0.26455995,0.37908196,0.18498197,0.33257484
1_402,0.34335893,0.4279206,0.3989744,0.25278533,0.35226154
1_403,0.25126138,0.30899563,0.32320952,0.22063744,0.32186878
1_404,0.46113917,0.37948683,0.2937802,0.17960891,0.23970391
1_405,0.23168342,0.2211677,0.1512569,0.05306492,0.19952758
1_406,0.28352216,0.31045744,0.19133422,0.19322786,0.15316819
1_407,0.18245213,0.2988367,0.29301718,0.21995127,0.31051898
1_408,0.6418651,0.34852555,0.18734272,0.16049626,0.15813223
1_409,0.32274833,0.2974417,0.3482908,0.19807297,0.40359938
1_410,0.79233533,0.57687527,0.5782008,0.3906021,0.40007788
1_411,0.35649714,0.528163,0.5254471,0.35117272,0.43711558
1_412,0.43011585,0.79267275,0.7835775,0.5901632,0.56442183
1_413,0.50959325,0.29629922,0.2508706,0.24589033,0.3921408
1_414,0.52887183,0.37559944,0.5185549,0.22496209,0.38752592
1_415,0.30803183,0.2405036,0.34737733,0.20203058,0.33569396
1_416,0.67303747,0.3765691,0.25639823,0.2689206,0.24416283
1_417,0.29729617,0.6250285,0.6397094,0.3955633,0.42620027
1_418,0.2844503,0.5376869,0.32684055,0.36266112,0.35501704
1_419,0.7428276,0.47547737,0.55854404,0.27969196,0.4685238
1_420,0.60152215,0.44716653,0.48373017,0.22703743,0.3386879
1_421,0.3332545,0.29773462,0.3899947,0.24805538,0.4416481
1_422,0.15604796,0.43717042,0.47322026,0.4416976,0.44883287
1_423,0.27829286,0.29164076,0.23571976,0.14845219,0.14524348
1_424,0.48218372,0.3629719,0.3087878,0.2254972,0.36661452
1_425,0.36492196,0.24601416,0.15612327,0.10707739,0.14500405
1_426,0.23046044,0.27063987,0.24252601,0.16073135,0.22247249
1_427,0.26565328,0.30279988,0.24102296,0.20092894,0.2184496
1_428,0.1937728,0.23835014,0.22812818,0.21687213,0.23918577
1_429,0.26513946,0.2923031,0.23201971,0.19085662,0.25412586
1_430,0.3204379,0.36918464,0.20485525,0.2046796,0.2914479
1_431,0.22429712,0.3913842,0.28759056,0.293366,0.319852
1_432,0.2200706,0.23764671,0.12687512,0.13975139,0.10614201
1_433,1.1827707,1.0398921,1.2691362,0.86687905,1.056832
1_434,0.4752061,0.460075,0.38690007,0.50578994,0.5728417
1_435,0.7431899,0.47858712,0.48036078,0.38283515,0.36421415
1_436,0.4621329,0.6867438,0.5920505,0.4106758,0.4801108
1_437,0.3894942,0.3404528,0.52046806,0.23004179,0.32957742
1_438,0.23196836,0.2957748,0.23974775,0.22529271,0.24487513
1_439,0.200848,0.28605422,0.22668229,0.24361889,0.2127226
1_440,0.4183964,0.39775768,0.40020642,0.28511572,0.29387373
1_441,0.2636656,0.3176603,0.2677268,0.22254074,0.1734367
1_442,0.26767278,0.45229867,0.5601227,0.27897373,0.42819732
1_443,0.77483904,0.40774664,0.4474135,0.33505398,0.353276
1_444,0.30963346,0.38816908,0.35816434,0.21952997,0.25361288
1_445,0.1510232,0.28544828,0.24872364,0.21407478,0.2425274
1_446,0.27421653,0.2825581,0.33320585,0.26365173,0.3292932
1_447,0.4142797,0.3793004,0.3633934,0.27289587,0.23981312
1_448,0.39926076,0.38140294,0.29992086,0.2739986,0.35613364
1_449,0.4749939,0.2997197,0.3011299,0.26836497,0.30861196
1_450,0.29430115,0.6526377,0.8051416,0.39711174,0.5641865
1_451,0.33830652,0.69312364,0.88572973,0.45135075,0.5413953
1_452,0.50483644,0.3475345,0.2652011,0.15144354,0.17320038
1_453,0.18028514,0.3110017,0.32848036,0.16746941,0.26240885
1_454,0.17653248,0.24842612,0.18324728,0.15584129,0.13197999
1_455,0.43430784,0.3147693,0.2580659,0.20703581,0.27220085
1_456,0.33044663,0.18490632,0.16771893,0.13021615,0.20481879
1_457,0.5380252,0.28329626,0.19772413,0.21571146,0.20139773
1_458,0.28743127,0.27068081,0.31442615,0.19907537,0.38997734
1_459,0.4632891,0.3068159,0.2233827,0.2127353,0.18895395
1_460,0.30551988,0.56157154,0.55879825,0.43524948,0.4558033
1_461,0.48616067,0.48792133,0.42323437,0.48668984,0.43813846
1_462,0.8029298,0.5912402,0.5854085,0.43634814,0.65520304
1_463,0.29664758,0.41420195,0.29966858,0.27751023,0.27790082
1_464,0.52213305,0.54122376,0.3614019,0.41522443,0.3662588
1_465,0.40199175,0.5824867,0.60537356,0.48100075,0.5430878
1_466,0.3188326,0.4447154,0.29653952,0.27074856,0.27588683
1_467,0.69415456,0.50009334,0.5640894,0.37731332,0.6345418
1_468,0.3536031,0.33861747,0.20977229,0.19947878,0.25376087
1_469,0.21232526,0.32920483,0.26005557,0.2812512,0.26504853
1_470,0.5536304,0.38012782,0.33079964,0.30657813,0.34741622
1_471,0.33030573,0.41089842,0.2900516,0.22578268,0.26461092
1_472,0.16340427,0.32749227,0.32242754,0.26436633,0.32595387
1_473,0.20469859,0.36425123,0.41938367,0.3672588,0.41171208
1_474,0.3537592,0.3873792,0.5548668,0.23432997,0.40822667
1_475,0.3357785,0.3600394,0.27879587,0.288364,0.2866504
1_476,0.29996076,0.25132462,0.25159326,0.20971292,0.23401472
1_477,0.4455906,0.39857742,0.3202806,0.34530482,0.35153228
1_478,0.45381898,0.54133755,0.5174635,0.3621688,0.4176622
1_479,0.24827506,0.28113076,0.28250545,0.1333204,0.14559698
1_480,0.2477807,0.30840018,0.3006808,0.20660968,0.27563938
1_481,0.22523718,0.26581696,0.28508797,0.21433929,0.2576827
1_482,0.76692545,0.32826284,0.3208594,0.31436458,0.36619368
1_483,0.5782232,0.45532703,0.40225276,0.27833802,0.54013723
1_484,0.49346575,0.5648317,0.33890727,0.36292437,0.38414547
1_485,0.2383363,0.50821465,0.40413687,0.42007583,0.3789087
1_486,0.25858042,0.37096226,0.29331067,0.25029755,0.18533723
1_487,0.37355334,0.43085027,0.33983263,0.35372788,0.39907458
1_488,0.49385133,0.35420153,0.2827359,0.29359,0.2655178
1_489,0.52013797,0.33948436,0.4786872,0.30084783,0.43324304
1_490,0.8218167,0.86914784,0.9080743,0.7914692,0.7860524
1_491,0.40622056,0.34240314,0.4282253,0.3316546,0.37931132
1_492,0.56604254,0.3730165,0.4034909,0.39164084,0.43380508
1_493,0.2505085,0.3868769,0.35106364,0.29849577,0.35695177
1_494,0.4671354,0.43301132,0.4614923,0.2621805,0.35040498
1_495,0.14198357,0.23526256,0.20937008,0.18826884,0.1984888
1_496,0.18475536,0.21400313,0.18773454,0.17238107,0.21882409
1_497,0.7268109,0.42100692,0.41469112,0.26841518,0.31390938
1_498,0.31531337,0.32526007,0.24057578,0.2587391,0.23622729
1_499,0.26206648,0.4263207,0.35181165,0.29584652,0.3319162
1_500,0.85695374,0.5142898,0.51238656,0.31000972,0.40134472
1_501,0.4524886,0.42130348,0.37861437,0.24310878,0.29793948
1_502,0.29128912,0.34172645,0.32571563,0.2506265,0.32514924
1_503,0.33914256,0.4297556,0.36863324,0.3388635,0.31847066
1_504,0.38133097,0.4102216,0.4027175,0.26464954,0.27799264
1_505,0.38249832,0.36275437,0.35148245,0.26495945,0.29502374
1_506,0.36565146,0.24637894,0.18095551,0.21625648,0.19194558
1_507,0.33215752,0.24969618,0.2890915,0.25369334,0.40859702
1_508,0.6369688,0.4969336,0.4380988,0.4895286,0.54498595
1_509,0.6622264,0.62357634,0.8000538,0.67340183,0.77550346
1_510,0.27914944,0.25681922,0.3169258,0.24440622,0.35276353
1_511,0.77711946,0.31768745,0.374001,0.20637593,0.35170794
1_512,0.59883565,0.36311382,0.46264556,0.18161996,0.23902804
1_513,0.20808886,0.25631446,0.20725553,0.1692696,0.19319111
1_514,0.275348,0.19997805,0.27656743,0.18354687,0.30361873
1_515,0.9749261,0.5835534,0.47215858,0.3773437,0.41607994
1_516,0.4028224,0.47252592,0.4227365,0.25334406,0.41798806
1_517,0.32118583,0.4689782,0.2458372,0.27324766,0.27056807
1_518,0.25419345,0.32127556,0.43750167,0.29356247,0.53132254
1_519,0.45612746,0.36150625,0.29150924,0.22535172,0.28932184
1_520,0.23696756,0.3110514,0.2567594,0.20685679,0.24595414
1_521,0.25448605,0.3134264,0.35810104,0.21243419,0.3468222
1_522,0.62821454,0.36767486,0.3007261,0.26123708,0.2908762
1_523,0.22495188,0.23289739,0.26361063,0.17063755,0.28941
1_524,0.39014262,0.42832187,0.36486903,0.33093667,0.3005144
1_525,0.33401632,0.36928692,0.3800406,0.18017831,0.32242095
1_526,0.8008178,0.49339703,0.34262326,0.2782144,0.30874974
1_527,0.43601173,0.37934983,0.54387003,0.30345476,0.54768145
1_528,0.30031905,0.43823594,0.2369387,0.267936,0.25985175
1_529,0.17642011,0.3777919,0.44377202,0.26054484,0.33971238
1_530,0.31575373,0.44802418,0.4255149,0.28008392,0.42746997
1_531,0.3778974,0.36867794,0.2879977,0.15736762,0.28399527
1_532,0.19934292,0.21650906,0.18870236,0.13661095,0.26076478
1_533,0.2175182,0.31415156,0.27862236,0.2298955,0.22980262
1_534,0.3444574,0.48922232,0.3573192,0.30499023,0.2538299
1_535,0.4872803,0.33967903,0.27887204,0.22638716,0.29433388
1_536,0.37698618,0.236008,0.25525644,0.1601406,0.3133251
1_537,0.5222368,0.36249387,0.34079066,0.17732528,0.2643538
1_538,0.28808418,0.29492804,0.25619698,0.18356335,0.25799495
1_539,0.2188962,0.26160285,0.3326458,0.18770203,0.30999827
1_540,0.52801085,0.3003017,0.3001631,0.19235423,0.34421465
1_541,0.36924437,0.34580025,0.53531915,0.22410356,0.64260095
1_542,0.60943013,0.5601636,0.3163803,0.29518074,0.43810287
1_543,0.62436837,0.49217662,0.45451167,0.22686227,0.5393755
1_544,0.698197,0.5874464,0.34555858,0.47979194,0.48538333
1_545,0.30282134,0.2948231,0.28817478,0.23330233,0.43342
1_546,0.38976428,0.25256985,0.24759288,0.18213305,0.3746552
1_547,0.5640692,0.28749105,0.29868206,0.18004853,0.5285533
1_548,0.42493644,0.4809244,0.6162192,0.544735,0.65538746
1_549,0.3684887,0.307128,0.32847053,0.287054,0.3036963
1_550,0.5172,0.3654991,0.40472606,0.28439635,0.5027836
1_551,0.7023079,0.36590576,0.40235737,0.34368548,0.4554538
1_552,0.16464126,0.28593,0.30308875,0.20747295,0.3351254
1_553,0.13598143,0.22344485,0.41407546,0.2210212,0.40411976
1_554,0.531721,0.45495313,0.5695662,0.27250707,0.36914194
1_555,0.22755311,0.41258332,0.3823963,0.28654894,0.26936886
1_556,0.19859725,0.4876112,0.45893583,0.33712626,0.31050882
1_557,0.37782207,0.3142116,0.308246,0.13918233,0.21695217
1_558,0.22372155,0.26295915,0.25575656,0.15399535,0.20792589
1_559,0.2991461,0.2634382,0.23364966,0.18681218,0.24382788
1_560,0.27551842,0.4528919,0.39235607,0.3253424,0.378402
1_561,0.61874557,0.43769097,0.32405415,0.2720732,0.3231398
1_562,0.94380593,0.7888396,1.0018648,0.6508681,0.7495616
1_563,0.32413504,0.25257406,0.29281765,0.12334399,0.25809467
1_564,0.22786622,0.4449329,0.34695464,0.3259401,0.31974757
1_565,0.24919675,0.34616736,0.32347044,0.21736652,0.3190496
1_566,0.3859568,0.37377754,0.38439798,0.20390365,0.34274983
1_567,0.087556995,0.2450075,0.21062224,0.19832373,0.2505652
1_568,0.10295035,0.21985441,0.18951891,0.18118152,0.21565694
1_569,0.4743733,0.42943075,0.33044446,0.25115395,0.27997088
1_570,0.20383053,0.18707757,0.24421196,0.08183303,0.1786231
1_571,0.21381333,0.20221382,0.15796506,0.08307696,0.19865711
1_572,0.18077202,0.20396937,0.18290679,0.10301765,0.16016285
1_573,0.24040051,0.26418775,0.22527157,0.18742734,0.14090262
1_574,0.243202,0.2605627,0.2115788,0.19064912,0.1990116
1_575,0.5162149,0.3005,0.15307319,0.12896465,0.15908234
1_576,0.21329722,0.2685889,0.21520315,0.15016846,0.17861247
1_577,0.18372174,0.3122344,0.35678187,0.26068684,0.2783527
1_578,0.70704776,0.69051576,0.70142543,0.40518308,0.55319065
1_579,0.5232039,0.750833,0.8595676,0.56810695,0.81035644
1_580,0.44649237,0.5499167,0.54448575,0.4820246,0.48485437
1_581,0.3295021,0.42649606,0.51727444,0.37958807,0.5242223
1_582,0.2988663,0.29727763,0.32459244,0.26810873,0.27555916
1_583,0.3514612,0.33721098,0.2283222,0.28169042,0.32834724
1_584,0.28927514,0.34348837,0.23145704,0.2907781,0.2139549
1_585,0.4556615,0.3783778,0.26009223,0.29274917,0.26966983
1_586,0.37722802,0.48351517,0.55448097,0.42014575,0.468245
1_587,0.40542245,0.27272806,0.28781876,0.2564263,0.43255317
1_588,0.71503586,0.45134556,0.59728247,0.42791244,0.56523246
1_589,0.42054144,0.75025165,0.50565547,0.4972745,0.5418266
1_590,0.90291363,0.79721636,1.0627731,0.53933424,0.68067473
1_591,0.7004548,0.7306644,0.5804028,0.5856024,0.5509469
1_592,0.25266814,0.26360568,0.22815911,0.20070796,0.31344786
1_593,0.27470127,0.29294154,0.3449873,0.3190592,0.36504948
1_594,0.22268432,0.38600388,0.38002887,0.35846156,0.3207169
1_595,0.29867896,0.26567724,0.28768656,0.1712498,0.34696752
1_596,0.52000755,0.42063153,0.26390418,0.21978232,0.41984582
1_597,0.14053318,0.3189554,0.2929634,0.22148392,0.31145036
1_598,0.19590835,0.3739391,0.2906031,0.31582642,0.34574527
1_599,0.38376334,0.42373213,0.40300408,0.2361611,0.46472374
1_600,0.43175444,0.38232073,0.26247627,0.24037346,0.36798653
1_601,0.44782385,0.48659268,0.29255062,0.3081075,0.32711658
1_602,1.0187409,0.40814987,0.2771123,0.30801994,0.28100654
1_603,0.64848953,0.41700187,0.27632308,0.29658288,0.2696228
1_604,0.33467257,0.4232593,0.374252,0.27134588,0.34733996
1_605,0.39987117,0.23393591,0.27291152,0.1376411,0.31200075
1_606,0.56473404,0.45525452,0.35672566,0.2646089,0.27329138
1_607,0.30861032,0.3528934,0.28452078,0.21894327,0.25223315
1_608,0.50397843,0.33236915,0.21213865,0.14607298,0.2229969
1_609,0.58095676,0.51462847,0.42067912,0.27269638,0.41684204
1_610,0.5396555,0.57729775,0.33986628,0.32351813,0.43252432
1_611,0.38797802,0.44794074,0.3551434,0.27497697,0.478248
1_612,0.59517753,0.46398008,0.3712385,0.2993213,0.3034921
1_613,0.22780602,0.29051274,0.25523454,0.23310779,0.31250733
1_614,0.18519107,0.35995826,0.3200034,0.27786213,0.33419085
1_615,0.28073412,0.28350255,0.23308073,0.18475598,0.19723192
1_616,0.49044302,0.3384099,0.22383367,0.24273905,0.3517936
1_617,0.46058908,0.2612774,0.2148378,0.1940453,0.24299715
1_618,0.1714153,0.21106748,0.17770858,0.18030113,0.19200914
1_619,0.14590651,0.18034437,0.178685,0.15418577,0.18880036
1_620,0.41744688,0.23352738,0.20016022,0.15358835,0.21059185
1_621,0.26308948,0.2956399,0.24258526,0.26327902,0.27144212
1_622,0.23365976,0.25569507,0.20917039,0.22034045,0.2544962
1_623,0.55264235,0.39432445,0.32668412,0.34681976,0.40716326
1_624,0.43695655,0.39966887,0.4455702,0.24637413,0.3228886
1_625,0.7120895,0.7174429,0.64287895,0.5418445,0.50729716
1_626,0.7086436,0.39750952,0.49757043,0.3160812,0.51066613
1_627,0.7962026,0.66698116,0.7523725,0.36361083,0.37956774
1_628,0.24644437,0.23405062,0.2990759,0.1953975,0.31179205
1_629,0.25260538,0.2927376,0.25996467,0.22471839,0.27665764
1_630,0.3981358,0.40307194,0.30694667,0.2619956,0.28977802
1_631,0.37401918,0.5766177,0.5662926,0.32902828,0.6636925
1_632,0.6059782,0.49754146,0.44261923,0.32406688,0.35791793
1_633,0.7106748,0.44076583,0.35337952,0.24173398,0.2934543
1_634,0.407223,0.43253437,0.50222445,0.3383016,0.47221917
1_635,0.31272227,0.41207695,0.48652378,0.31815237,0.40157616
1_636,0.3166453,0.34665832,0.3114823,0.25298697,0.23137647
1_637,0.50109166,0.40796402,0.40510848,0.28600693,0.41576892
1_638,0.5518661,0.31720248,0.33926213,0.22705154,0.40916276
1_639,0.1412213,0.2708064,0.24984322,0.20427918,0.26035345
1_640,0.20268543,0.20263411,0.19056083,0.15677547,0.19566824
1_641,0.42907217,0.37134925,0.30021104,0.21745618,0.29026994
1_642,0.39568305,0.40166152,0.22300641,0.21720263,0.2427874
1_643,0.36035368,0.46262515,0.33753017,0.2979336,0.36017653
1_644,0.5298014,0.3501955,0.19142862,0.19931325,0.27319247
1_645,1.0108029,0.49965253,0.31802592,0.35011518,0.35068256
1_646,0.32106262,0.44595137,0.38972378,0.34041828,0.404319
1_647,0.70027715,0.3932222,0.28648314,0.28862393,0.40957814
1_648,0.41480312,0.34453437,0.32312396,0.2359991,0.32456496
1_649,0.35490614,0.33866057,0.22858219,0.23870724,0.24054094
1_650,0.37358907,0.44814458,0.3916383,0.36803448,0.39897826
1_651,0.42731145,0.3105892,0.21132132,0.27734366,0.28721976
1_652,0.39866218,0.38109297,0.47554138,0.31919533,0.5004279
1_653,0.9066227,0.43411884,0.5595687,0.3560625,0.58587664
1_654,0.4978982,0.2480744,0.24635647,0.15333879,0.23977064
1_655,0.18806341,0.41037637,0.4133,0.22235766,0.4027419
1_656,0.20427978,0.2114258,0.17711118,0.084856935,0.20428288
1_657,0.2392503,0.28248477,0.19760026,0.18754536,0.17686239
1_658,0.24647485,0.2644212,0.23310892,0.24622247,0.28181228
1_659,0.48185053,0.2978849,0.19451068,0.1120893,0.1936205
1_660,0.18442684,0.3118637,0.22994985,0.20096138,0.298038
1_661,0.14885132,0.29270235,0.27067533,0.26696193,0.32185388
1_662,0.6939255,0.4843481,0.5644266,0.5293102,0.5249441
1_663,0.27989605,0.1858157,0.15543045,0.13009799,0.20389664
1_664,0.1960594,0.31599072,0.32078603,0.24271443,0.31014574
1_665,0.86077136,0.43168822,0.4633427,0.33685648,0.3398739
1_666,0.4800266,0.4549889,0.3695354,0.2441079,0.3712759
1_667,0.4858705,0.4379194,0.24387513,0.30813867,0.30892593
1_668,0.31313398,0.18151312,0.24454324,0.11883051,0.45523933
1_669,0.3853907,0.31869927,0.20033857,0.18518654,0.20084706
1_670,0.23885645,0.3906224,0.37561253,0.2809897,0.37551478
1_671,0.2992734,0.34706053,0.40256366,0.28812745,0.39423284
1_672,0.38169348,0.44309086,0.32352346,0.18226668,0.31713486
1_673,0.16757114,0.2905512,0.2924564,0.18552908,0.27299532
1_674,0.27235785,0.3730331,0.39006102,0.27670595,0.41062748
1_675,0.45170802,0.43727753,0.38049814,0.18256642,0.37660354
1_676,0.215198,0.3221933,0.36201128,0.20216902,0.4596722
1_677,0.22223708,0.31596664,0.3723568,0.18735215,0.33953202
1_678,0.39689553,0.44844514,0.37125406,0.29768884,0.3991438
1_679,0.70154184,0.4313318,0.32921883,0.24790098,0.28803998
1_680,0.3635156,0.3748549,0.37296227,0.27498472,0.4144096
1_681,0.39578873,0.28999266,0.14237407,0.1613057,0.1354095
1_682,0.46525887,0.4352282,0.35944635,0.3034979,0.44142857
1_683,0.4638058,0.4170386,0.3164242,0.35317352,0.30983782
1_684,0.48323154,0.32117167,0.2270147,0.19974378,0.20112294
1_685,0.3128524,0.3118815,0.23497067,0.18277602,0.20503867
1_686,0.30536315,0.3405755,0.39007586,0.20628245,0.29204765
1_687,0.8061609,0.37147582,0.30193165,0.2775806,0.27143365
1_688,0.29940262,0.2792039,0.24166267,0.17986791,0.29474664
1_689,0.24474016,0.2998067,0.2924404,0.22234778,0.25839284
1_690,0.25259584,0.31241032,0.37378162,0.19069797,0.22190788
1_691,0.44865784,0.38265732,0.42990854,0.25080547,0.4335206
1_692,0.3704519,0.29841003,0.2836932,0.18867062,0.30602726
1_693,0.15076533,0.27054852,0.28282475,0.2291351,0.27332056
1_694,0.17954339,0.30143958,0.36359194,0.29212436,0.4700324
1_695,0.50692207,0.39510652,0.36604816,0.25107616,0.33806074
1_696,0.17680858,0.24784254,0.22892039,0.18530998,0.24975134
1_697,0.09599839,0.31971642,0.24985836,0.20710981,0.20705497
1_698,0.2552919,0.45859995,0.28910637,0.24153812,0.32384014
1_699,0.59764534,0.43597823,0.3583834,0.20249766,0.36419687
1_700,0.23443554,0.22816734,0.23813863,0.15181917,0.28534734
1_701,0.30219576,0.367348,0.30370387,0.26739958,0.30290943
1_702,0.3820152,0.47022805,0.41330355,0.24428912,0.3434404
1_703,0.61938024,0.4875233,0.3683413,0.34151936,0.33250925
1_704,0.33096248,0.22544836,0.29161534,0.17567554,0.32243955
1_705,0.59599483,0.58812326,0.52507544,0.36755937,0.41924548
1_706,0.16995962,0.29789886,0.24300568,0.21585274,0.23832852
1_707,0.17240606,0.26434597,0.25249898,0.2139505,0.2189202
1_708,0.46983698,0.47512338,0.56614774,0.28359425,0.43632185
1_709,0.48397276,0.4448223,0.37909815,0.29339892,0.4633115
1_710,0.21554013,0.2505761,0.2509556,0.19703645,0.30847955
1_711,0.17792174,0.19225524,0.06299414,0.075521156,0.067998715
1_712,0.271195,0.352554,0.22097413,0.26129785,0.32568103
1_713,0.4144516,0.40954974,0.28977272,0.30313677,0.31739938
1_714,0.5264048,0.3194472,0.18361343,0.19920988,0.23454767
1_715,0.33844563,0.24586205,0.22508754,0.15288478,0.25515455
1_716,0.22364564,0.2979315,0.22914325,0.20615466,0.2004947
1_717,0.23039675,0.20467995,0.15752085,0.18654102,0.18001138
1_718,0.11957288,0.16855352,0.19063948,0.17732711,0.2192814
1_719,0.25662884,0.20405956,0.19637875,0.14387378,0.22558104
1_720,0.21029563,0.2755687,0.18523742,0.1623477,0.2316367
1_721,0.0983518,0.24763419,0.20118175,0.15900502,0.23536527
1_722,0.17676209,0.24042808,0.320353,0.18232584,0.3057242
1_723,0.38519514,0.46307668,0.6393128,0.2570635,0.526349
1_724,0.2431582,0.41493288,0.46675053,0.28362107,0.36289787
1_725,0.14503172,0.3037205,0.3208887,0.21240573,0.2822451
1_726,0.41208068,0.44199172,0.4415419,0.22805539,0.36016196
1_727,0.23252986,0.29815587,0.27939478,0.13971281,0.22008768
1_728,0.14353788,0.23619197,0.22843738,0.11864622,0.14610444
1_729,0.14250328,0.25740695,0.19913922,0.15580866,0.15092687
1_730,0.1778133,0.2710928,0.2271363,0.20403522,0.21368362
1_731,0.47057924,0.36998132,0.25964788,0.22409824,0.20896034
1_732,0.18593344,0.27278742,0.24823241,0.17397612,0.26932737
1_733,0.18620642,0.2818196,0.2860178,0.23879147,0.2750182
1_734,0.2230636,0.3871417,0.24852102,0.18816027,0.18282513
1_735,0.33987242,0.4439037,0.47052947,0.19801876,0.28128824
1_736,0.30423108,0.2874579,0.3199549,0.1783228,0.2863071
1_737,0.26661572,0.4260792,0.40249664,0.30974177,0.31689835
1_738,0.22149298,0.2174585,0.15256126,0.1643953,0.13765062
1_739,0.47659728,0.4997776,0.34261438,0.300286,0.29554474
1_740,0.30642602,0.3130552,0.3358356,0.21997137,0.35983726
1_741,0.24588026,0.33676836,0.29625008,0.16038035,0.2789259
1_742,0.18410279,0.2524064,0.2671273,0.17299722,0.28668323
1_743,0.13609244,0.24150865,0.23566188,0.14043011,0.20569007
1_744,0.18092307,0.36084002,0.28957275,0.22481923,0.25735936
1_745,0.25899163,0.22927593,0.23861085,0.16353786,0.24823838
1_746,0.28692383,0.28061268,0.30994126,0.103808366,0.251817
1_747,0.17088963,0.34774324,0.40901354,0.22376801,0.3402116
1_748,0.16131036,0.27437076,0.29533228,0.20565993,0.28258145
1_749,0.2848207,0.33919117,0.5187556,0.16044146,0.30779374
1_750,0.2170159,0.312053,0.41675976,0.21911584,0.30190936
1_751,0.23890115,0.29364,0.36472768,0.2658115,0.38777167
1_752,0.39298883,0.37953773,0.41915074,0.24616732,0.35384685
1_753,0.24691856,0.2753396,0.26669702,0.20415476,0.2946122
1_754,0.19628595,0.18392059,0.2120872,0.14215614,0.20346415
1_755,0.29045767,0.3294622,0.28849685,0.19999072,0.21365497
1_756,0.2549533,0.2578507,0.21849482,0.1621133,0.23147953
1_757,0.24046485,0.36885378,0.2870125,0.2133567,0.29487658
1_758,0.30144024,0.3890216,0.28743252,0.24598256,0.27850777
1_759,0.21182615,0.2855595,0.21967317,0.11589512,0.20501268
1_760,0.115534216,0.26623037,0.18561791,0.12169848,0.14264144
1_761,0.15694422,0.27712288,0.20118763,0.15377459,0.14599161
1_762,0.24714486,0.23300259,0.17429258,0.14114192,0.20495832
1_763,0.29859874,0.32268128,0.2244188,0.15208232,0.21227771
1_764,0.30869076,0.42194155,0.3277879,0.2247879,0.24300078
1_765,0.23659712,0.3034083,0.32734403,0.20376444,0.31323248
1_766,0.46621618,0.39626965,0.23061971,0.21532118,0.20720696
1_767,0.28063503,0.2897537,0.24623142,0.14492032,0.20834312
1_768,0.10874361,0.32523245,0.2256682,0.27717823,0.21322232
1_769,0.14167474,0.22869892,0.20581259,0.2184129,0.21114948
1_770,0.27037606,0.253903,0.1667009,0.20018345,0.16940916
1_771,0.30531076,0.32026297,0.34959128,0.25449798,0.37306866
1_772,0.3937963,0.5401079,0.48229113,0.35531795,0.47297734
1_773,0.7433926,0.5592277,0.71375626,0.5568964,0.7195166
1_774,0.46609014,0.4400989,0.42161432,0.29332775,0.3394906
1_775,0.3826981,0.65323895,0.6810188,0.74495274,0.66717046
1_776,0.70688933,0.37969407,0.46586666,0.31918663,0.501462
1_777,0.81347007,0.4623265,0.46858105,0.48861295,0.5097342
1_778,0.39774865,0.45996192,0.64248705,0.35159636,0.6812131
1_779,0.27376434,0.3330094,0.22992943,0.26183957,0.30996352
1_780,0.18313994,0.34118053,0.44757035,0.2907292,0.44693995
1_781,0.20932582,0.41010544,0.24456663,0.29444486,0.2532245
1_782,0.35434842,0.4095681,0.2732369,0.26747322,0.27921462
1_783,0.38544887,0.2840267,0.32959262,0.21495831,0.33467078
1_784,0.13722889,0.18051586,0.12005809,0.095087744,0.21911508
1_785,0.09192848,0.28737244,0.2768996,0.24273983,0.22287041
1_786,0.22572225,0.2838012,0.2658225,0.22865057,0.28654665
1_787,0.27681023,0.2601791,0.19342281,0.17173697,0.21222806
1_788,0.13981833,0.23635747,0.21380128,0.12947455,0.19844306
1_789,0.15559739,0.19935688,0.13544743,0.11410701,0.09363154
1_790,0.32348707,0.35115165,0.25231186,0.20915714,0.19346492
1_791,0.27006832,0.36480656,0.3308149,0.26696754,0.2717263
1_792,0.23278402,0.42072162,0.22872697,0.20777383,0.15829422
1_793,0.29050383,0.46706614,0.2939661,0.26319438,0.20857705
1_794,0.28120646,0.42596063,0.40771022,0.34089273,0.42932534
1_795,0.5541511,0.44787088,0.31073004,0.27926797,0.26683006
1_796,0.40039703,0.44815683,0.31728715,0.2120589,0.26093426
1_797,0.2730728,0.26981053,0.24694003,0.15772428,0.23874436
1_798,0.119835466,0.22151272,0.14036293,0.1274967,0.115827024
1_799,0.1320045,0.1960513,0.20928268,0.14730075,0.189999
1_800,0.34030756,0.28232726,0.24770664,0.2027016,0.30534542
1_801,0.30736592,0.3006415,0.17104472,0.124726966,0.19968778
1_802,0.19272976,0.21038328,0.14505513,0.14976543,0.18195164
1_803,0.22578983,0.29426035,0.2275712,0.21645725,0.2509693
1_804,0.22086489,0.34770784,0.2450854,0.19755721,0.16875756
1_805,0.37471583,0.35681522,0.22158255,0.27381828,0.2916519
1_806,0.39769283,0.26910037,0.26825398,0.19410154,0.29587272
1_807,0.33803138,0.2076648,0.17608272,0.1923126,0.22040136
1_808,0.17978428,0.34331533,0.26551977,0.24093546,0.31916234
1_809,0.31871328,0.4231658,0.41446102,0.29190755,0.3617776
1_810,0.368949,0.32496357,0.27730975,0.15916519,0.18057016
1_811,0.15066932,0.24404643,0.31686184,0.102682434,0.28708243
1_812,0.22835241,0.27247062,0.26399916,0.15489753,0.20466337
1_813,0.31128278,0.34256858,0.26508597,0.22653292,0.24947765
1_814,0.22683077,0.6031509,0.49784675,0.5073338,0.43298858
1_815,0.4131526,0.38369516,0.2820285,0.2051045,0.23938206
1_816,0.3191543,0.4253846,0.3735946,0.2826146,0.29212946
1_817,0.1859584,0.35308632,0.38476232,0.2493502,0.29404408
1_818,0.08210827,0.24051504,0.23600568,0.15081039,0.14300367
1_819,0.16199405,0.30846134,0.274488,0.18355975,0.16970447
1_820,0.18448691,0.35494855,0.2549684,0.26700166,0.20105787
1_821,0.26437518,0.36417282,0.32216194,0.30039567,0.27516836
1_822,0.30866846,0.43501547,0.25334212,0.2393723,0.20267725
1_823,0.53568906,0.7069275,0.5738383,0.36643237,0.441228
1_824,0.23893084,0.32310224,0.43465447,0.2445738,0.4318621
1_825,0.26951924,0.36901465,0.24043225,0.19769531,0.1961911
1_826,0.33354634,0.52514833,0.64934105,0.3606895,0.610573
1_827,0.39591765,0.34576017,0.2728778,0.2683342,0.28226984
1_828,0.25561264,0.24928452,0.27657238,0.18476808,0.31048855
1_829,0.5363147,0.46940544,0.4845865,0.22826055,0.3922272
1_830,0.18342158,0.29401836,0.34130982,0.20381373,0.28786498
1_831,0.10573912,0.21812095,0.29259554,0.15795586,0.22547266
1_832,0.29612514,0.38344866,0.52124566,0.17116535,0.28248957
1_833,0.20504786,0.27696744,0.2508935,0.18547809,0.2084296
1_834,0.23036505,0.23462246,0.31373554,0.22049871,0.31016362
1_835,0.35569972,0.45825693,0.35234097,0.27265942,0.31696415
1_836,0.33446681,0.49585572,0.52205205,0.26774055,0.47140604
1_837,0.19544177,0.4329823,0.29435495,0.25663343,0.21622527
1_838,0.40804523,0.64121246,0.4904075,0.4217369,0.5345656
1_839,0.28318056,0.49248484,0.59212536,0.3911091,0.51178724
1_840,0.3968372,0.3252503,0.25150913,0.22472546,0.22484328
1_841,0.5217715,0.48281738,0.45986792,0.28902584,0.41039923
1_842,0.26174992,0.32320192,0.35316968,0.189776,0.34159815
1_843,0.071947165,0.21427853,0.17851953,0.1397346,0.18098387
1_844,0.12475891,0.19165368,0.20702522,0.15419875,0.20704405
1_845,0.28644273,0.27587572,0.21303941,0.17461622,0.20115776
1_846,0.38409826,0.29549357,0.24252076,0.17463319,0.21721107
1_847,0.14584254,0.27523708,0.2506347,0.20212455,0.27476338
1_848,0.09664243,0.39214677,0.3000616,0.26193547,0.21399653
1_849,0.26456442,0.46975276,0.3360637,0.23329298,0.16280046
1_850,0.20371015,0.55532867,0.49116686,0.3280793,0.41158462
1_851,0.30692044,0.26346284,0.20063488,0.102922596,0.12582159
1_852,0.1902568,0.28173807,0.26233763,0.1285955,0.22625992
1_853,0.14634056,0.2395594,0.20290585,0.13240798,0.1798782
1_854,0.17337511,0.296756,0.34121776,0.2239565,0.33981496
1_855,0.255744,0.29578796,0.20448186,0.140508,0.24136871
1_856,0.30021906,0.42253596,0.45695636,0.26745087,0.4533286
1_857,0.3759293,0.34437647,0.25445548,0.22584632,0.24643855
1_858,0.36529043,0.3810297,0.48789737,0.3204012,0.59529644
1_859,0.53277385,0.5095704,0.48132518,0.3364289,0.6286302
1_860,0.24116962,0.49389282,0.3795201,0.41053888,0.5054787
1_861,0.2664656,0.36339822,0.29824212,0.2216019,0.2738069
1_862,0.743887,0.44617328,0.60860234,0.2340398,0.4907716
1_863,0.16863391,0.22585835,0.23659204,0.120339796,0.2554916
1_864,0.0711609,0.31559795,0.22475632,0.18522392,0.15334365
1_865,0.13447799,0.365207,0.43245992,0.26147252,0.3731535
1_866,0.33856085,0.3477889,0.40398675,0.20569241,0.31883132
1_867,0.18635534,0.3598984,0.38619488,0.22448987,0.40238118
1_868,0.15211403,0.2560493,0.31743214,0.18292865,0.28149855
1_869,0.2597847,0.48059514,0.4496893,0.2460865,0.3369326
1_870,0.24512106,0.4288002,0.5350207,0.28783792,0.48704815
1_871,0.3961459,0.37458467,0.2323973,0.18430129,0.2278963
1_872,0.19999982,0.3114046,0.30161,0.1386681,0.31033182
1_873,0.14339115,0.24938847,0.17657232,0.119898684,0.12362046
1_874,0.16501014,0.27170977,0.17138638,0.16781421,0.14664224
1_875,0.17787154,0.3048775,0.29487404,0.21599898,0.30595648
1_876,0.30946842,0.35955307,0.2510448,0.19397438,0.17892992
1_877,0.24077846,0.32858762,0.5138501,0.20307484,0.5147151
1_878,0.77733034,0.44980112,0.64320594,0.42865756,0.57893723
1_879,0.17605394,0.2958639,0.36890683,0.22344755,0.51746637
1_880,0.1104565,0.37961742,0.42884296,0.32301438,0.3964211
1_881,0.20481919,0.24819551,0.20976277,0.18195787,0.22625595
1_882,0.27803352,0.3704849,0.24317645,0.22929797,0.25845724
1_883,0.42232817,0.24792857,0.13806738,0.13981026,0.17687944
1_884,0.23178877,0.2729867,0.20239519,0.15361072,0.21187797
1_885,0.189784,0.26364142,0.16748968,0.15413177,0.18189415
1_886,0.24203292,0.26160356,0.1675195,0.15563132,0.16275638
1_887,0.15708157,0.23900078,0.22025603,0.20301364,0.2614502
1_888,0.159775,0.18024726,0.17515129,0.06371838,0.20175424
1_889,0.14566757,0.28521678,0.18632938,0.1761388,0.19089648
1_890,0.21588884,0.32670996,0.235413,0.19345677,0.26074523
1_891,0.36414117,0.3390815,0.21613304,0.15880322,0.1893929
1_892,0.20955421,0.29252273,0.23324822,0.14461395,0.2040896
1_893,0.18068765,0.32875654,0.24333273,0.2080076,0.20258194
1_894,0.25650808,0.33706933,0.2969403,0.2131489,0.19954088
1_895,0.26875734,0.27207026,0.20692371,0.15249465,0.11760911
1_896,0.37941325,0.46424377,0.38030353,0.22137852,0.3601467
1_897,0.29103178,0.33710334,0.27425107,0.26600978,0.26150024
1_898,0.2536367,0.38302588,0.23871486,0.27405497,0.21446183
1_899,0.33600923,0.32879058,0.21973658,0.24378175,0.18884441
1_900,0.3759465,0.21916483,0.22312917,0.17728801,0.24153273
1_901,0.22722295,0.19462132,0.17132793,0.11344627,0.21585432
1_902,0.14174838,0.18392731,0.12613924,0.07793907,0.10151679
1_903,0.2697353,0.3065642,0.24355052,0.22403978,0.22358103
1_904,0.18549736,0.36010244,0.26233926,0.23788588,0.20302716
1_905,0.32165697,0.28480545,0.19903646,0.15345708,0.16585371
1_906,0.29916582,0.42843154,0.32048935,0.22398256,0.2978468
1_907,0.26035506,0.3624533,0.22570904,0.23201907,0.17002788
1_908,0.24106444,0.3063588,0.29169163,0.21185718,0.2852424
1_909,0.3443912,0.470222,0.3882038,0.28708237,0.3373743
1_910,0.31580213,0.2808631,0.22913285,0.16107477,0.16544199
1_911,0.17784356,0.28133726,0.2903124,0.12647529,0.2509011
1_912,0.21922188,0.2937692,0.30231664,0.16660932,0.25548968
1_913,0.23744448,0.37717488,0.3785317,0.18941295,0.25598553
1_914,0.23165993,0.31805637,0.21309811,0.19037363,0.16520862
1_915,0.41491154,0.49742177,0.31824163,0.3109009,0.35572782
1_916,0.45839748,0.37629506,0.2514588,0.2936108,0.25644347
1_917,0.43725893,0.48259875,0.43974623,0.37607825,0.43370977
1_918,0.6317118,0.5699313,0.44878855,0.4027847,0.41223067
1_919,0.86376494,0.6037668,0.36015317,0.45478052,0.34468928
1_920,0.41780946,0.36105648,0.3868529,0.29489955,0.39747143
1_921,0.538282,0.39456245,0.16554998,0.21221651,0.23413265
1_922,0.34272453,0.40758833,0.4080405,0.29745382,0.40715656
1_923,0.27531397,0.350771,0.1482428,0.2117261,0.11784124
1_924,0.68035996,0.4957975,0.38139,0.33266968,0.34354424
1_925,0.45645097,0.25425056,0.22551127,0.26787806,0.35834706
1_926,0.31348634,0.22079013,0.18091774,0.13311887,0.1872364
1_927,0.3101332,0.31352428,0.28392392,0.20276016,0.30545467
1_928,0.5323189,0.41339943,0.39937106,0.31619015,0.46734735
1_929,0.21446209,0.36190888,0.28448707,0.32282352,0.31902406
1_930,0.278571,0.3264198,0.14827101,0.19166085,0.18013772
1_931,0.25396302,0.35293266,0.27853718,0.26900047,0.29014677
1_932,0.19712703,0.34994718,0.24336042,0.2512124,0.20930108
1_933,0.30151662,0.43389627,0.29017514,0.31107312,0.38503873
1_934,0.39511967,0.31348935,0.27716526,0.20067494,0.3544575
1_935,0.22025362,0.43465665,0.39059082,0.33653748,0.34314215
1_936,0.35157552,0.44293618,0.2129092,0.19475773,0.2417869
1_937,1.1026794,0.4499572,0.35185745,0.2967046,0.5014059
1_938,0.38243684,0.27165824,0.2951611,0.21206751,0.34523523
1_939,0.34290686,0.27372727,0.3081937,0.20769787,0.30846164
1_940,0.21552597,0.42987767,0.3750666,0.33517048,0.47201478
1_941,0.6309671,0.43967035,0.72591305,0.3260187,0.7170468
1_942,0.8118676,0.6224985,0.6974445,0.44595194,0.5535279
1_943,0.48144105,0.5247552,0.6912808,0.3190145,0.53931916
1_944,0.2758051,0.7019244,0.8170197,0.68216264,0.5975782
1_945,0.29272714,0.37649974,0.29754433,0.2677095,0.25983855
1_946,0.25878334,0.72370243,0.81321925,0.5010787,0.60829574
1_947,0.4332091,0.30467904,0.29605633,0.23826319,0.21982723
1_948,0.39157596,0.27782157,0.26425266,0.2035433,0.44248825
1_949,0.26348105,0.1914786,0.08673477,0.15362623,0.21153228
1_950,0.21298823,0.27519676,0.21334444,0.25150263,0.32416654
1_951,0.67395204,0.45452854,0.47384456,0.3970204,0.47006613
1_952,0.52335936,0.35771725,0.45339307,0.3237555,0.55100405
1_953,0.6812009,0.4071881,0.58338785,0.36269915,0.8241467
1_954,0.68633074,0.74218816,0.71969885,0.6706128,0.7981493
1_955,0.3773271,0.29778162,0.16590647,0.20054883,0.1387495
1_956,0.46842125,0.60649246,0.65891033,0.514609,0.5222309
1_957,0.3860054,0.43190747,0.27019358,0.3594277,0.29842228
1_958,0.21846943,0.38215485,0.45211673,0.26203394,0.40435904
1_959,0.33337823,0.3640431,0.24053784,0.2461659,0.22323608
1_960,0.36482728,0.27704212,0.18079105,0.15587255,0.1944652
1_961,0.24558939,0.21026589,0.17272078,0.14006047,0.190373
1_962,0.370176,0.3401318,0.37159473,0.27617553,0.27101827
1_963,0.4040656,0.32528812,0.2602146,0.29613963,0.24577838
1_964,0.18553369,0.44627884,0.33437392,0.30552238,0.32990915
1_965,0.30781943,0.2389536,0.26000667,0.14638582,0.18993655
1_966,0.7475826,0.433252,0.60966,0.2691104,0.46462896
1_967,0.22564399,0.18177228,0.16614388,0.15186521,0.23241529
1_968,0.1911925,0.3130351,0.27528057,0.30369517,0.25710168
1_969,0.5029909,0.9396792,0.99939495,0.49100047,0.71512085
1_970,0.6407541,0.84707516,0.6841138,0.5937662,0.5860867
1_971,0.5021606,0.47222742,0.7645451,0.45132023,0.72483957
1_972,0.4280104,0.62651825,0.6315689,0.7375716,0.81525373
1_973,0.3903844,0.3335447,0.47060442,0.3064343,0.54675263
1_974,0.4535147,0.44406682,0.3113211,0.32771975,0.40768582
1_975,0.16164316,0.22713478,0.36890772,0.26412714,0.38081878
1_976,0.1847225,0.25515,0.27971694,0.16101444,0.33675694
1_977,0.30391127,0.42755634,0.34420225,0.2845348,0.36317047
1_978,0.45404485,0.43347457,0.41423455,0.3581279,0.43922544
1_979,0.54805857,0.6356267,0.6923969,0.48437002,0.6682753
1_980,0.4896518,0.54749274,0.79582053,0.39179823,0.77363163
1_981,0.4431089,0.8890786,1.1394383,0.8907741,0.9439275
1_982,0.28302997,0.2519112,0.28382936,0.17525901,0.33166942
1_983,0.34903738,0.35124117,0.33785763,0.1309974,0.5396351
1_984,0.41348204,0.2371466,0.29018122,0.1527331,0.26680484
1_985,0.18734051,0.25253984,0.32146493,0.12258861,0.34373045
1_986,0.12294413,0.2145681,0.1882952,0.09825107,0.17882134
1_987,0.15881516,0.22049288,0.16126214,0.12739494,0.10867986
1_988,0.26427412,0.26614305,0.2256764,0.19910654,0.20605743
1_989,0.60247123,0.4274849,0.29187194,0.2934723,0.279256
1_990,0.32882476,0.4317077,0.37716535,0.30820814,0.4132973
1_991,0.21997252,0.33744743,0.16194247,0.18615606,0.15898538
1_992,0.3049278,0.5775797,0.4542124,0.51012987,0.5220733
1_993,0.34870532,0.33882037,0.21904455,0.28639936,0.25250447
1_994,0.48240712,0.36731273,0.30441293,0.23913541,0.27395588
1_995,0.24124543,0.2719334,0.2935854,0.21629296,0.31993484
1_996,0.21278544,0.4825242,0.46085015,0.39577976,0.4070619
1_997,0.48847407,0.31715468,0.32442126,0.15035197,0.24469732
1_998,0.6921236,0.48627993,0.77090496,0.5189303,0.6804422
1_999,0.5481062,0.12516387,0.30860725,0.13443223,0.36012042
1_1000,0.75398284,0.62999815,0.64226264,0.33119652,0.55367416
1_1001,0.45341897,0.6132781,0.61760026,0.56027156,0.60704076
1_1002,0.28173494,0.45586738,0.53827304,0.45546445,0.49197638
1_1003,0.18083446,0.3154846,0.21092673,0.19820166,0.1447298
1_1004,0.29071382,0.29639998,0.22521602,0.20905063,0.30890346
1_1005,0.38496444,0.29018736,0.25230882,0.25342205,0.27121547
1_1006,0.46707162,0.37925908,0.28223708,0.20598364,0.24559486
1_1007,0.2748471,0.2772537,0.20608096,0.15476185,0.2086183
1_1008,0.17966749,0.223409,0.1794236,0.19591953,0.18814354
1_1009,0.17235518,0.38612562,0.39136574,0.34556326,0.29642773
1_1010,0.40099344,0.31152406,0.18830398,0.21208417,0.13884868
1_1011,0.4794336,0.48381713,0.4803671,0.35795897,0.31756738
1_1012,0.5133921,0.39166963,0.2728419,0.37244177,0.36222
1_1013,0.3036257,0.467045,0.51049167,0.40055868,0.5448109
1_1014,0.23649205,0.302354,0.21565132,0.16759148,0.12775931
1_1015,0.37388077,0.3855105,0.35496202,0.18950757,0.44403112
1_1016,0.67384917,0.34900448,0.42028394,0.3185851,0.35080284
1_1017,0.16403303,0.203737,0.21585985,0.17041066,0.25687414
1_1018,0.19697763,0.31309596,0.3195376,0.26844984,0.28624484
1_1019,0.35654965,0.4045734,0.42609942,0.31597242,0.41589946
1_1020,0.8305523,0.57502395,0.6375274,0.42938143,0.5507778
1_1021,0.40865737,0.23970325,0.27093813,0.0993807,0.2217089
1_1022,0.3377532,0.3830771,0.41701707,0.22717935,0.32618156
1_1023,0.28135902,0.2591448,0.35007098,0.18431981,0.35884744
1_1024,0.26862207,0.5031747,0.4136648,0.3090691,0.3418721
1_1025,0.34685746,0.39693442,0.15889965,0.21318702,0.17979231
1_1026,0.42740527,0.44090703,0.42278263,0.25935256,0.36804536
1_1027,0.4374301,0.43151072,0.34824482,0.2947268,0.36112583
1_1028,0.48917386,0.37203977,0.2167917,0.16478176,0.1846506
1_1029,0.6085557,0.4738995,0.30598137,0.3535384,0.3421952
1_1030,0.33086506,0.33721307,0.28145245,0.27533457,0.30718496
1_1031,0.36976013,0.3363437,0.24019279,0.30676544,0.33069032
1_1032,0.35222632,0.34628353,0.21093865,0.22611642,0.27281937
1_1033,0.37641075,0.34453043,0.33737773,0.25936276,0.42983636
1_1034,0.50732005,0.3889601,0.21713004,0.21068326,0.21039294
1_1035,0.2753993,0.34442422,0.30373266,0.2540809,0.26968122
1_1036,0.14160028,0.21201794,0.2258663,0.19921747,0.22675243
1_1037,0.12874877,0.16412207,0.19075204,0.14829236,0.24018031
1_1038,0.14059806,0.26244214,0.155698,0.13356446,0.16785552
1_1039,0.37388757,0.28165933,0.22541477,0.16691595,0.22979581
1_1040,0.5037272,0.34456763,0.4550881,0.1618037,0.38129282
1_1041,0.18825327,0.24133442,0.18799178,0.16783372,0.17505708
1_1042,0.16380759,0.2004527,0.14210738,0.13764939,0.088113286
1_1043,0.20945247,0.20705394,0.15911712,0.12809463,0.11727023
1_1044,0.20373796,0.20199338,0.085311756,0.1477961,0.08528095
1_1045,0.16682567,0.15582184,0.11328222,0.11787797,0.1334231
1_1046,0.2925056,0.2524918,0.09962739,0.14290793,0.0664389
1_1047,0.25625464,0.21404086,0.15834881,0.13978642,0.17064738
1_1048,0.23662391,0.19497505,0.28833172,0.17562532,0.3346965
1_1049,0.23595366,0.40834945,0.3967248,0.2743283,0.4508693
1_1050,0.5414408,0.4355863,0.49203172,0.42173076,0.470173
1_1051,0.35492632,0.43528968,0.4546962,0.35663086,0.39082256
1_1052,0.36254117,0.27441788,0.36564606,0.28678355,0.40500385
1_1053,0.31374696,0.30491838,0.26421037,0.30107912,0.3643089
1_1054,0.44948784,0.22400942,0.31042704,0.24912474,0.39383033
1_1055,0.3349255,0.30209857,0.24440257,0.22282642,0.2694471
1_1056,0.2806901,0.25371513,0.20604442,0.19086857,0.24812132
1_1057,0.24748588,0.41024438,0.33236375,0.3777328,0.33561194
1_1058,0.41132146,0.36449692,0.23722701,0.24279702,0.29391646
1_1059,0.30975494,0.19923447,0.18372875,0.16025166,0.26488778
1_1060,0.46039757,0.4340612,0.31000456,0.27939236,0.36378115
1_1061,0.72922075,0.51649874,0.6831902,0.45977783,0.79194945
1_1062,0.37596923,0.3450741,0.30197355,0.31637222,0.48491096
1_1063,0.29362816,0.2177763,0.1753069,0.13150877,0.17995596
1_1064,0.2808703,0.41322038,0.37286964,0.35073555,0.3900918
1_1065,0.38153392,0.28103074,0.19588317,0.25491065,0.24904902
1_1066,0.3708923,0.25978726,0.19637915,0.1607185,0.20660658
1_1067,0.4271212,0.46731165,0.33147675,0.26090693,0.38212526
1_1068,0.5088539,0.41601643,0.3045588,0.26085448,0.27916273
1_1069,0.34942713,0.42943853,0.3432856,0.2736651,0.3122839
1_1070,0.45355844,0.38966158,0.26249495,0.22541136,0.18115607
1_1071,0.58724314,0.71240854,0.6662955,0.42350715,0.6169801
1_1072,0.5597176,0.5184099,0.43986288,0.3340152,0.36103392
1_1073,0.5633511,0.53699446,0.30125016,0.2562415,0.31779355
1_1074,0.4856662,1.0206932,0.61603504,0.6831125,0.7257226
1_1075,0.63407034,0.47999945,0.3418158,0.31761315,0.32204467
1_1076,0.6661419,0.5001531,0.42049655,0.32871747,0.43252057
1_1077,0.49437886,0.8132524,0.5642211,0.59110206,0.49216086
1_1078,0.3084297,0.34068313,0.23265244,0.21808863,0.25660568
1_1079,0.6054437,0.47212163,0.29477444,0.22334151,0.33444536
1_1080,0.23773266,0.2114947,0.21900351,0.11458034,0.15545744
1_1081,0.16705973,0.21431579,0.15598045,0.11266466,0.12791285
1_1082,0.17394339,0.21552616,0.14637628,0.18874665,0.121116735
1_1083,0.23326924,0.26898745,0.24112467,0.19373307,0.24754329
1_1084,0.88321626,0.3808185,0.33600855,0.23087335,0.31338102
1_1085,0.306918,0.30982044,0.3691331,0.14931521,0.27618334
1_1086,0.22348557,0.6553656,0.76369125,0.54317117,0.57399434
1_1087,0.28776914,0.25553516,0.195572,0.14928038,0.14277725
1_1088,0.21482477,0.37995952,0.35639694,0.17092457,0.22860584
1_1089,0.12574838,0.22237875,0.24618761,0.13860106,0.15920398
1_1090,0.17843916,0.23689823,0.24762781,0.15723863,0.15445165
1_1091,0.3108913,0.34508213,0.37392,0.24264735,0.22576429
1_1092,0.36815786,0.32650372,0.28531453,0.21093176,0.17056885
1_1093,0.35028556,0.4911113,0.46129838,0.37348673,0.3321373
1_1094,0.58167344,0.33243468,0.43660375,0.38767052,0.64122576
1_1095,0.7201653,0.3599721,0.35577,0.38840705,0.38802192
1_1096,0.68780595,0.38752136,0.2429099,0.3706212,0.5173896
1_1097,0.6590678,0.769625,0.5644392,0.5573684,0.73978317
1_1098,0.5529969,0.60239965,0.6901116,0.5793344,0.65911514
1_1099,0.25864,0.5081151,0.76859885,0.41654426,0.5755616
1_1100,0.42959055,0.46248987,0.34899333,0.29423013,0.36865437
1_1101,0.40809286,0.3119332,0.43304852,0.2790485,0.34982842
1_1102,0.32835114,0.60046786,0.63123184,0.47559884,0.6194829
1_1103,0.46226472,0.22793995,0.33590773,0.27208677,0.556631
1_1104,0.97507906,0.30031273,0.34763238,0.3545661,0.49677867
1_1105,0.55478805,0.3870863,0.34137365,0.40598324,0.40845704
1_1106,0.259658,0.42234045,0.50900275,0.5024657,0.58539623
1_1107,0.4441321,0.527718,0.56657326,0.5966293,0.57315886
1_1108,0.7491898,0.60758924,1.0919884,0.63812304,0.9517599
1_1109,0.44854,0.65299964,0.6238869,0.63405764,0.7399207
1_1110,0.6786135,0.4113026,0.49231866,0.3287162,0.52056414
1_1111,0.35508266,0.47532046,0.38426062,0.3756209,0.2851767
1_1112,0.23335984,0.4811305,0.45024794,0.4668091,0.55613536
1_1113,0.32118168,0.39052603,0.37954697,0.40158993,0.5797445
1_1114,0.51061213,0.6614099,0.37105086,0.44940442,0.4697722
1_1115,0.52680427,0.28226116,0.30975133,0.30224198,0.5680507
1_1116,0.6136903,0.28328314,0.3604538,0.24926329,0.4457742
1_1117,0.22802697,0.295918,0.20688926,0.22927085,0.30610824
1_1118,0.3832046,0.76890033,0.71420556,0.6508219,0.7047288
1_1119,0.7979065,0.39173102,0.52700716,0.29268822,0.574601
1_1120,0.83307713,0.30488476,0.34293178,0.28155342,0.4988819
1_1121,0.59637076,0.3243715,0.26275587,0.3147363,0.364923
1_1122,0.1951214,0.3309324,0.37167645,0.33397737,0.34877542
1_1123,0.22693223,0.31169665,0.37752268,0.25186923,0.4125055
1_1124,0.6703517,0.56915444,0.5797823,0.52309877,0.4335521
1_1125,0.5066897,0.46772256,0.690532,0.45662397,0.701746
1_1126,0.69321257,0.58565843,0.6869904,0.48463082,0.55336326
1_1127,0.4316214,0.26338398,0.4592182,0.2084617,0.3493119
1_1128,0.3547198,0.5611623,0.7339071,0.5691565,0.58677644
1_1129,0.4155915,0.4028488,0.4234226,0.33868816,0.3991623
1_1130,0.33235037,0.5537906,0.6906617,0.46788695,0.7260784
1_1131,0.38745928,0.23922716,0.2279362,0.15564989,0.14570206
1_1132,0.32137567,0.2787796,0.30522203,0.20712322,0.339265
1_1133,0.43727544,0.27138042,0.20152558,0.14036289,0.26114824
1_1134,0.5805468,0.4726734,0.32679546,0.25637615,0.38146162
1_1135,0.33465576,0.44191998,0.33778945,0.30107924,0.43013173
1_1136,0.42740497,0.504021,0.4204732,0.27318412,0.3844357
1_1137,0.7722692,0.7143188,0.7476987,0.7408474,0.70894164
1_1138,0.48665345,0.4591731,0.4742042,0.26006192,0.38540164
1_1139,0.49335817,0.57000583,0.46530607,0.40677577,0.48921096
1_1140,0.48550525,0.35345447,0.27863547,0.27457258,0.37503284
1_1141,0.388488,0.42574224,0.5763508,0.33635047,0.4645487
1_1142,0.3100471,0.43723318,0.32794797,0.2684967,0.24488616
1_1143,0.33690637,0.7134393,0.49837878,0.46581274,0.4014697
1_1144,0.27610046,0.16750549,0.16187869,0.13056457,0.12969524
1_1145,0.5838258,0.530136,0.34558377,0.30997425,0.35088053
1_1146,0.5294386,0.35892007,0.4636005,0.20517367,0.52113044
1_1147,0.58014154,0.5517365,0.29710478,0.33033442,0.3650173
1_1148,0.6869902,0.4934558,0.5440807,0.40623352,0.53414524
1_1149,0.5593874,0.6007565,0.36595073,0.5442765,0.45043296
1_1150,0.4318969,0.54917127,0.5961216,0.6885353,0.6986094
1_1151,0.49863976,0.1441385,0.22507708,0.07726366,0.2572748
1_1152,0.82307225,0.4426694,0.46988678,0.41131556,0.7759349
1_1153,1.036122,0.7343012,0.97078305,0.8500229,1.0300602
1_1154,1.0450817,0.8810765,1.2839304,0.8206704,1.0715137
1_1155,0.6102976,0.36827156,0.647764,0.3469407,0.56264085
1_1156,0.3143244,0.46687597,0.4746963,0.37842193,0.47337914
1_1157,0.25540087,0.33712465,0.5210633,0.29508027,0.5002124
1_1158,0.5518962,0.43924096,0.44865105,0.39691198,0.42580336
1_1159,0.36453292,0.34459332,0.32225618,0.23175064,0.35016817
1_1160,0.17026098,0.26409546,0.13140221,0.20214546,0.20567675
1_1161,0.22532114,0.306218,0.24096195,0.26290184,0.26480094
1_1162,0.35251623,0.20828737,0.14446287,0.17708677,0.2562113
1_1163,0.1553271,0.16697581,0.19197121,0.16027403,0.27484328
1_1164,0.28651905,0.3577497,0.32698128,0.23308218,0.2748631
1_1165,0.648325,0.63797307,0.73700744,0.57748544,0.6779606
1_1166,0.5684082,0.39101872,0.51489943,0.36063617,0.7388485
1_1167,0.46838638,0.29534563,0.42512193,0.32073122,0.524055
1_1168,0.6202279,0.31891912,0.3615959,0.31617022,0.44306245
1_1169,0.3573446,0.48265913,0.36336765,0.38939843,0.4580552
1_1170,0.27623203,0.20897236,0.17019945,0.19972552,0.20721646
1_1171,0.19729272,0.25574496,0.3081074,0.16027273,0.28842178
1_1172,0.38999262,0.243306,0.19909175,0.16407037,0.17283562
1_1173,0.23283437,0.26259986,0.22981761,0.17614001,0.202934
1_1174,0.27929452,0.32943004,0.33475265,0.2892261,0.27636483
1_1175,0.41185066,0.36046827,0.3145709,0.38159886,0.37398303
1_1176,0.36783743,0.26938596,0.29133627,0.3120517,0.3047456
1_1177,0.27019793,0.28709373,0.27536497,0.24239585,0.2583378
1_1178,0.35322335,0.37752745,0.38487276,0.34126878,0.708233
1_1179,0.56345266,0.41502404,0.3675377,0.31218818,0.36831796
1_1180,0.16020195,0.43206212,0.34895682,0.34942165,0.38446063
1_1181,0.34254506,0.3924218,0.34054366,0.3136895,0.34619218
1_1182,0.81159645,0.41031864,0.35186988,0.27218065,0.4288268
1_1183,0.6080088,0.44747275,0.46430728,0.29260427,0.47736132
1_1184,0.45467338,0.34898648,0.31069365,0.16922782,0.23049104
1_1185,0.54072195,0.74360424,0.7725945,0.6420109,0.7274928
1_1186,0.5053426,0.45442733,0.56925124,0.3916793,0.40206873
1_1187,0.8720251,0.5022845,0.53277725,0.29789,0.4611691
1_1188,0.35660422,0.4021956,0.39897075,0.26850927,0.4826134
1_1189,0.22958173,0.31963685,0.38844365,0.2380128,0.3876849
1_1190,0.3529832,0.4088672,0.4724545,0.24168298,0.3550756
1_1191,0.31000784,0.4156277,0.4039679,0.26586425,0.42353883
1_1192,0.37044123,0.20493728,0.17597894,0.21548909,0.25090563
1_1193,0.114164926,0.22621907,0.3171722,0.26358095,0.31209266
1_1194,0.15524396,0.1465307,0.25200567,0.17431477,0.305245
1_1195,0.29280794,0.37494925,0.33915588,0.18630132,0.34775773
1_1196,0.31591037,0.29720983,0.3222656,0.16098222,0.26336312
1_1197,0.17444919,0.25897926,0.28703493,0.16823244,0.36116374
1_1198,0.12855433,0.42808905,0.4309515,0.30427003,0.29728067
1_1199,0.16184828,0.24445789,0.16871972,0.17622656,0.13696137
1_1200,0.1616043,0.3022702,0.22816794,0.22496304,0.22118449
1_1201,0.26662096,0.257282,0.21055235,0.18029079,0.19283971
1_1202,0.515502,0.32801804,0.22108883,0.18953298,0.22270349
1_1203,0.2846864,0.36448786,0.3126423,0.25348803,0.27476782
1_1204,0.3849657,0.28786936,0.34543166,0.2522692,0.43080124
1_1205,0.90841645,0.7564425,0.8111738,0.84935594,0.9308869
1_1206,0.2313097,0.24741028,0.2068937,0.21653292,0.23566514
1_1207,0.3586888,0.3298106,0.29395714,0.277574,0.31848115
1_1208,0.41177824,0.33546618,0.34502962,0.3005193,0.42759103
1_1209,0.19781186,0.20201771,0.14422671,0.17082201,0.16826257
1_1210,0.20413834,0.2735402,0.3213186,0.3002174,0.35460946
1_1211,0.7447314,0.46563557,0.44776168,0.36563474,0.5870482
1_1212,0.80179745,0.572625,0.6140782,0.4941278,0.66347456
1_1213,0.5423618,0.45614547,0.3845617,0.41381067,0.5528961
1_1214,0.3933412,0.6449434,0.8828551,0.65061176,0.7344442
1_1215,0.17193593,0.27934393,0.31119394,0.18889648,0.20181033
1_1216,0.17353821,0.3334002,0.2877091,0.22826806,0.22153442
1_1217,0.17575102,0.28034213,0.207794,0.27604112,0.23035133
1_1218,0.3243771,0.23978062,0.16774668,0.15304294,0.19264689
1_1219,0.14338605,0.20506543,0.1588058,0.13264997,0.12955868
1_1220,0.13662814,0.23279534,0.20275672,0.13465643,0.17309484
1_1221,0.111755714,0.1636921,0.0941526,0.09223973,0.078428484
1_1222,0.25259537,0.22795026,0.1801483,0.14749485,0.19425496
1_1223,0.5037481,0.42026427,0.23259325,0.30097598,0.19177796
1_1224,0.36703482,0.45422164,0.31305483,0.226125,0.3811791
1_1225,0.38028973,0.41924098,0.28421602,0.3094776,0.44985503
1_1226,0.2790183,0.31934723,0.3616549,0.28207713,0.41941464
1_1227,0.18011715,0.32769188,0.27914193,0.29125783,0.28930488
1_1228,0.24003294,0.2948314,0.2582166,0.30230188,0.28600672
1_1229,0.21782431,0.21955647,0.23265205,0.25831828,0.37225
1_1230,0.24380486,0.21352848,0.17939997,0.20423144,0.27440193
1_1231,0.24322973,0.2931281,0.2841981,0.2872707,0.33194003
1_1232,0.26720643,0.20948066,0.22892378,0.19106841,0.24165358
1_1233,0.14384493,0.18868087,0.1991579,0.16755106,0.26230532
1_1234,0.36575088,0.27425727,0.29755968,0.24084558,0.27215073
1_1235,0.15139157,0.25432858,0.22501658,0.2422563,0.22570364
1_1236,0.23057032,0.22041194,0.20990498,0.20145544,0.26475823
1_1237,0.33590618,0.32663804,0.3856611,0.27080995,0.48523003
1_1238,0.7089377,0.47786298,0.5490356,0.47618723,0.44951394
1_1239,0.3860227,0.36101815,0.6458356,0.32502192,0.4713351
1_1240,0.37915078,0.7417914,0.65980995,0.82225394,0.66368324
1_1241,0.41476092,0.30143037,0.2707524,0.21327403,0.28569147
1_1242,0.22482632,0.4244479,0.32796037,0.39808196,0.39989144
1_1243,0.35237727,0.30304024,0.23919253,0.28590012,0.31471837
1_1244,0.33526412,0.29478642,0.33908573,0.30073863,0.44284385
1_1245,0.28038535,0.363873,0.29664117,0.2809773,0.34032154
1_1246,0.32340094,0.3682974,0.33667332,0.371187,0.34643373
1_1247,0.34659067,0.2690346,0.26466838,0.1950391,0.34201223
1_1248,0.28081855,0.27444366,0.23267509,0.2571367,0.26389676
1_1249,0.32971084,0.34851417,0.33167502,0.31673172,0.3590358
1_1250,0.48950925,0.31226316,0.3099235,0.37421626,0.38607535
1_1251,0.22524875,0.17139952,0.18162036,0.14634968,0.19837198
1_1252,0.3760605,0.3409725,0.2642768,0.27087778,0.2889925
1_1253,0.4150203,0.36554614,0.34795645,0.31543452,0.40178144
1_1254,0.5816322,0.4558373,0.41025016,0.30228698,0.32864577
1_1255,0.17166413,0.31010792,0.37315997,0.2186799,0.35900503
1_1256,0.14597085,0.27072334,0.29967967,0.20309544,0.23943667
1_1257,0.24244495,0.32095376,0.31634375,0.21317989,0.22868136
1_1258,0.16898566,0.70994484,0.67555076,0.46578535,0.40691915
1_1259,0.4139324,0.37568796,0.2875758,0.20170501,0.16354048
1_1260,0.3563217,0.3509633,0.36143574,0.2569189,0.31399614
1_1261,0.2910257,0.32934475,0.25361612,0.24178687,0.24796128
1_1262,0.15297222,0.24465446,0.18907434,0.13654909,0.22235152
1_1263,0.15302879,0.24847992,0.23324506,0.15589496,0.26979595
1_1264,0.15493445,0.24463661,0.2745243,0.15261643,0.24663448
1_1265,0.21182545,0.19357845,0.18358599,0.09488235,0.2315957
1_1266,0.34936205,0.31616083,0.1751248,0.18293864,0.27400088
1_1267,0.36717913,0.32635018,0.19704005,0.2037379,0.28981698
1_1268,0.2145864,0.40803725,0.4152703,0.3081973,0.40412048
1_1269,0.5681977,0.8675399,0.92752033,0.52320915,0.6768017
1_1270,1.3589343,0.739441,0.88807636,0.42881578,0.7585313
1_1271,0.5149905,0.5260057,0.6264511,0.3916311,0.4583761
1_1272,0.32889256,0.6564275,0.86195105,0.4034449,0.6028194
1_1273,0.268446,0.34516743,0.48007223,0.19764063,0.23880899
1_1274,0.19888721,0.33720794,0.3853192,0.19393381,0.3532784
1_1275,0.27908173,0.27184778,0.18435499,0.16402216,0.19250554
1_1276,0.25892898,0.2498696,0.21574566,0.135104,0.19694763
1_1277,0.22451806,0.22114366,0.18343152,0.13876548,0.22130197
1_1278,0.21294989,0.22657488,0.14160846,0.16259699,0.12143571
1_1279,0.3619016,0.32210347,0.25959122,0.2682001,0.27899373
1_1280,0.260895,0.26360586,0.2366563,0.19253826,0.21198516
1_1281,0.3003629,0.28292432,0.23452716,0.19202152,0.15395391
1_1282,0.27328947,0.49594572,0.49998298,0.33198345,0.40146875
1_1283,0.39347175,0.23182373,0.18711898,0.052577633,0.15700564
1_1284,0.2601761,0.30790475,0.3183762,0.26120234,0.38632265
1_1285,0.44200101,0.3415071,0.36391303,0.26453656,0.37965465
1_1286,0.27037942,0.2514116,0.24248518,0.17951846,0.2150962
1_1287,0.15753414,0.38143286,0.31557176,0.27197313,0.29979247
1_1288,0.32098737,0.31729347,0.24275307,0.28454843,0.2847501
1_1289,0.50318176,0.33395693,0.1815183,0.19191414,0.32740682
1_1290,0.3058152,0.4540393,0.29624525,0.2833919,0.5129116
1_1291,0.50242984,0.49939242,0.33702603,0.2940873,0.31993258
1_1292,0.623806,0.63737047,0.5009909,0.29533347,0.528433
1_1293,0.49233136,0.6421461,0.4342653,0.4776727,0.42969298
1_1294,0.25297132,0.2792853,0.28213245,0.21868049,0.24535331
1_1295,0.17083342,0.17039965,0.11674303,0.14685169,0.1789681
1_1296,0.22246869,0.34214512,0.2595793,0.15010282,0.22752693
1_1297,0.43530485,0.52537644,0.6885196,0.33747262,0.64825195
1_1298,0.29182458,0.32336816,0.28029057,0.20139483,0.348871
1_1299,0.20981593,0.4021505,0.41702732,0.37577078,0.44020742
1_1300,0.20507158,0.30924514,0.18651558,0.22943111,0.15092506
1_1301,0.51179814,0.49510226,0.44575742,0.2636496,0.54825705
1_1302,0.43746415,0.34077668,0.26766583,0.18429634,0.21578541
1_1303,0.086565994,0.14281763,0.11907002,0.088825636,0.13015276
1_1304,0.09856054,0.18127896,0.17459445,0.12380508,0.15524194
1_1305,0.21036726,0.25822875,0.17425235,0.20369257,0.16915533
1_1306,0.22426079,0.2680818,0.15405138,0.1566152,0.13762018
1_1307,0.21347885,0.18125458,0.13616337,0.13349165,0.1890769
1_1308,0.18557252,0.19820596,0.1766633,0.14032401,0.16877382
1_1309,0.13585006,0.20214434,0.13764556,0.19362813,0.12672412
1_1310,0.21829042,0.29521552,0.22803046,0.26842374,0.17922865
1_1311,0.28878942,0.25249267,0.2404726,0.1521373,0.22146404
1_1312,0.3680691,0.23933499,0.18761212,0.13370162,0.094377875
1_1313,0.292575,0.3430359,0.2785404,0.26117703,0.2157731
1_1314,0.17334507,0.47259367,0.47070175,0.44196224,0.44947907
1_1315,0.56950027,0.564931,0.5618761,0.52454805,0.4838617
1_1316,0.7047736,0.66056436,0.816472,0.57209134,0.61230403
1_1317,0.44793114,0.23799978,0.32820776,0.23581061,0.47675288
1_1318,0.19278462,0.31911036,0.2919995,0.2940054,0.2409597
1_1319,0.17724614,0.23043917,0.16099527,0.19148248,0.14272428
1_1320,0.25698322,0.24218874,0.2482705,0.23620647,0.22880308
1_1321,0.54177403,0.3196248,0.29318538,0.2522179,0.33802003
1_1322,0.7269141,0.23973088,0.28853163,0.25005227,0.3006743
1_1323,0.21349439,0.22520302,0.16701193,0.1722858,0.10717824
1_1324,0.36228415,0.2680986,0.21416332,0.2191126,0.3506169
1_1325,0.3943062,0.27002254,0.22725771,0.21084517,0.34171134
1_1326,0.38097504,0.2109177,0.17968248,0.17453608,0.3079285
1_1327,0.18733294,0.3321164,0.3777397,0.31339398,0.40574273
1_1328,0.46487424,0.35256675,0.26213616,0.27893412,0.35215363
1_1329,0.3136007,0.2725387,0.35133946,0.19745755,0.42985886
1_1330,0.13399825,0.26968208,0.21651708,0.19211024,0.22032684
1_1331,0.23875599,0.41435757,0.35492602,0.291413,0.35425735
1_1332,0.4284171,0.5813837,0.7257647,0.347079,0.57426566
1_1333,0.424213,0.3977606,0.35273507,0.19143336,0.35251826
1_1334,0.22043617,0.2806935,0.34136313,0.24867752,0.3994833
1_1335,0.1677498,0.27535516,0.22553484,0.20250645,0.19038713
1_1336,0.22818068,0.32710898,0.17697702,0.17185286,0.14044139
1_1337,0.27063534,0.5394327,0.51806337,0.42965922,0.43976802
1_1338,0.22228485,0.16044708,0.09682007,0.1006141,0.0738738
1_1339,0.18629582,0.2750575,0.09492389,0.16282913,0.1022155
1_1340,0.33713958,0.38392425,0.29801953,0.38319692,0.36922756
1_1341,0.48452362,0.33740976,0.22556214,0.26593181,0.28828382
1_1342,0.18647139,0.29576656,0.24401097,0.28490996,0.29225197
1_1343,0.21103647,0.3651387,0.4364608,0.38608983,0.3429986
1_1344,0.5216246,0.3653501,0.3256527,0.27229473,0.34091556
1_1345,0.4600968,0.20269789,0.38926205,0.15502274,0.35604823
1_1346,0.20816992,0.23872058,0.22459404,0.14773986,0.19952457
1_1347,0.20135911,0.2400756,0.1787183,0.21711342,0.17653729
1_1348,0.3104678,0.23745374,0.3453314,0.26294184,0.50195146
1_1349,0.3970153,0.25660527,0.4825873,0.21837416,0.5856138
1_1350,0.43738016,0.1993042,0.27877393,0.19634134,0.4376514
1_1351,0.65027803,0.69093716,0.44817996,0.54226553,0.56191415
1_1352,0.8164157,0.34612617,0.43608665,0.30206972,0.47442514
1_1353,0.68356186,0.29578748,0.275781,0.25363925,0.31329644
1_1354,0.18823369,0.36420342,0.45571426,0.33282512,0.35381228
1_1355,0.32942703,0.3542784,0.454991,0.30854058,0.38157693
1_1356,0.53685963,0.7607085,1.080136,0.7276523,0.729147
1_1357,0.2545088,0.29270247,0.3297815,0.23069921,0.2539382
1_1358,0.17668109,0.22207291,0.21912725,0.21526097,0.32477385
1_1359,0.14667624,0.27621004,0.24895312,0.2583796,0.2462604
1_1360,0.18751334,0.19886094,0.19846056,0.21604495,0.25562182
1_1361,0.45341936,0.31662375,0.40120146,0.27475587,0.45349693
1_1362,0.5201062,0.27210322,0.4508303,0.33381099,0.56150466
1_1363,0.17994466,0.7686705,0.7884244,0.8505206,0.57488453
1_1364,0.13841328,0.177462,0.18432482,0.12704673,0.13990636
1_1365,0.16553733,0.29670128,0.23222186,0.22589144,0.21484563
1_1366,0.20183167,0.26948544,0.23006202,0.29201716,0.2486526
1_1367,0.32875326,0.38673183,0.36994857,0.36957332,0.59134614
1_1368,0.5124437,0.30133593,0.32907888,0.3086174,0.36057043
1_1369,0.39259574,0.21142651,0.23747219,0.18550089,0.32174173
1_1370,0.50597763,0.44422984,0.27338326,0.3573441,0.5270241
1_1371,0.5007549,0.41104332,0.34217474,0.28472468,0.5294584
1_1372,0.96469605,0.5182449,0.63185936,0.5249051,1.0221869
1_1373,0.40117255,0.49826613,0.46710402,0.61641073,0.751251
1_1374,0.4746333,0.35455486,0.29974243,0.31109157,0.367899
1_1375,0.39081854,0.42488518,0.51808864,0.38427204,0.6939402
1_1376,0.49937525,0.32232335,0.34659612,0.31271428,0.42813915
1_1377,0.21935798,0.19848181,0.16870423,0.13579258,0.23036827
1_1378,0.31873098,0.43468603,0.41102907,0.3519903,0.46287954
1_1379,0.4598662,0.35973886,0.2878993,0.36113742,0.35133207
1_1380,0.40101135,0.25335944,0.35051206,0.20661739,0.43313378
1_1381,0.47319564,0.20847331,0.22005393,0.15224195,0.22787991
1_1382,0.16817836,0.1859871,0.18160556,0.16833773,0.21713415
1_1383,0.34045407,0.3426374,0.5005043,0.38827658,0.5286958
1_1384,0.4530313,0.23497693,0.2239546,0.21384189,0.37637976
1_1385,0.4982108,0.39352185,0.35403344,0.36678493,0.43196064
1_1386,0.45822206,0.42478397,0.45862088,0.29642576,0.38256237
1_1387,0.37972867,0.57886094,0.49009672,0.4554446,0.49148458
1_1388,0.30545154,0.3963478,0.40234938,0.31635374,0.3233946
1_1389,0.0972536,0.31775898,0.27972785,0.29026818,0.33113995
1_1390,0.18253054,0.24560101,0.21108095,0.19536543,0.30448258
1_1391,0.32258648,0.3731943,0.22285573,0.17971635,0.1869984
1_1392,0.15303646,0.2409329,0.20680808,0.15837169,0.18024123
1_1393,0.118554585,0.24811484,0.2243249,0.19082727,0.1951116
1_1394,0.20240271,0.4675865,0.3531843,0.286009,0.27609894
1_1395,0.20156083,0.27843258,0.1947449,0.15278853,0.13705811
1_1396,0.192481,0.40694836,0.40012178,0.15503758,0.26331532
1_1397,0.12794578,0.2896574,0.31985098,0.1524995,0.23631921
1_1398,0.11622713,0.33118412,0.2953045,0.24463059,0.20274898
1_1399,0.10113953,0.30607542,0.3144954,0.23811565,0.29363894
1_1400,0.29655534,0.30871287,0.18330489,0.16111358,0.20377186
1_1401,0.17331006,0.24925993,0.20505266,0.13563825,0.24110153
1_1402,0.20349465,0.28756127,0.2153672,0.20651731,0.14290562
1_1403,0.17881653,0.2865791,0.19558375,0.22883287,0.2401152
1_1404,0.24350488,0.34846583,0.25456193,0.25337723,0.22790065
1_1405,0.29419634,0.22815268,0.119532526,0.14524508,0.10523282
1_1406,0.23526232,0.37325397,0.31116527,0.23789293,0.2985723
1_1407,0.3548427,0.37408105,0.2736952,0.20059343,0.20086294
1_1408,0.21040238,0.38762337,0.40153047,0.24354719,0.43194088
1_1409,0.33246478,0.5807781,0.42382044,0.46072742,0.60829717
1_1410,0.8213535,0.6908565,0.62382764,0.5341519,0.57536614
1_1411,0.40180588,0.38618907,0.30777386,0.23928271,0.18680617
1_1412,0.5024031,0.48073062,0.5573496,0.34806252,0.44645736
1_1413,0.5871809,0.2891725,0.39001495,0.28729945,0.42253467
1_1414,0.4664912,0.27995,0.27949703,0.22088894,0.35611308
1_1415,0.27602628,0.35578248,0.3054615,0.26759028,0.3858713
1_1416,0.29205853,0.37914482,0.39406723,0.41944093,0.38741547
1_1417,0.32106528,0.17839673,0.2681454,0.094577424,0.36732054
1_1418,0.2614035,0.29161027,0.27695927,0.24427374,0.2678337
1_1419,0.33062017,0.3145192,0.31454924,0.28297293,0.37403214
1_1420,0.58657026,0.42163262,0.4152967,0.3801182,0.5177395
1_1421,0.38142443,0.30514452,0.25296712,0.18704686,0.2398757
1_1422,0.32043016,0.32658872,0.2295634,0.20037305,0.17911276
1_1423,0.2928733,0.3308684,0.2788264,0.113405146,0.2526936
1_1424,0.21627478,0.2897838,0.19444083,0.18363254,0.15477024
1_1425,0.27035335,0.2655972,0.3047556,0.13157341,0.3263418
1_1426,0.4266348,0.4270671,0.35979,0.25172126,0.28752357
1_1427,0.17545031,0.28301933,0.30381963,0.16677876,0.2572753
1_1428,0.22571565,0.23909633,0.16290455,0.17255574,0.18776318
1_1429,0.28302082,0.47122884,0.3411176,0.25473833,0.39093804
1_1430,0.16828513,0.405538,0.3705984,0.3027187,0.30334044
1_1431,0.12229792,0.1975903,0.10813014,0.12917313,0.062339365
1_1432,0.21486497,0.28540477,0.19904678,0.2288256,0.22638205
1_1433,0.252754,0.27624023,0.18870047,0.21358849,0.20611967
1_1434,0.2270032,0.37672988,0.32539716,0.33860275,0.35067666
1_1435,0.3370838,0.2984918,0.24131168,0.2605222,0.2130546
1_1436,0.2732387,0.35399172,0.2238725,0.24850258,0.22567925
1_1437,0.6049707,0.40910542,0.3160936,0.34639794,0.29002655
1_1438,0.2520462,0.42529932,0.300725,0.26269355,0.25353527
1_1439,0.33928856,0.6942745,0.61461884,0.53975,0.49919593
1_1440,0.77465606,0.5564777,0.636421,0.28990835,0.6782112
1_1441,0.23688556,0.34525773,0.22051181,0.29011214,0.35123646
1_1442,0.17592803,0.18709873,0.18504474,0.18526845,0.22963545
1_1443,0.31955722,0.3171508,0.20012541,0.29820687,0.29696858
1_1444,0.60363704,0.2948586,0.2211444,0.26214844,0.26429525
1_1445,0.417273,0.31304184,0.3142247,0.22861305,0.34966046
1_1446,0.45048964,0.34105217,0.2704343,0.24117646,0.2777539
1_1447,0.33046964,0.23603658,0.120608225,0.1778384,0.15657288
1_1448,0.25318345,0.30682716,0.3347914,0.23634514,0.3787747
1_1449,0.7450611,0.37938192,0.19188365,0.26661688,0.24075261
1_1450,0.4589294,0.39514804,0.40983072,0.294716,0.50252223
1_1451,0.3509965,0.44323388,0.37998235,0.43444288,0.40250066
1_1452,0.26397422,0.4218024,0.31831214,0.2327856,0.28094673
1_1453,0.46356705,0.48166552,0.4362541,0.37047866,0.5687341
1_1454,0.46650308,0.4163595,0.3259677,0.28266996,0.34366053
1_1455,0.14812244,0.3419406,0.30136305,0.26091993,0.33355743
1_1456,0.20194267,0.33890298,0.25965628,0.23428702,0.2673701
1_1457,0.3965304,0.3859814,0.25101388,0.24172866,0.24305308
1_1458,0.2766969,0.40609363,0.36082712,0.23056403,0.29838002
1_1459,0.11676362,0.26289403,0.23947845,0.22052518,0.1999213
1_1460,0.23716138,0.27283287,0.30992362,0.21476126,0.33050326
1_1461,0.31600708,0.29966214,0.27313957,0.13813482,0.25051212
1_1462,0.2936903,0.3322129,0.36244592,0.22876036,0.33101895
1_1463,0.20342644,0.25424352,0.24128912,0.20491365,0.26349816
1_1464,0.26601273,0.25685892,0.18728353,0.27785647,0.24834152
1_1465,0.21771263,0.22977762,0.3375828,0.081154816,0.33452445
1_1466,0.22080521,0.19235487,0.16117832,0.14881244,0.21594337
1_1467,0.19844699,0.36946127,0.30077896,0.32732344,0.37091255
1_1468,0.27242097,0.25807315,0.20214769,0.1823019,0.21571821
1_1469,0.3513885,0.28651178,0.21466318,0.18028378,0.20842645
1_1470,0.17704238,0.22651075,0.21215172,0.1741414,0.20341763
1_1471,0.1886238,0.24995561,0.3532747,0.24679703,0.34301323
1_1472,0.789197,0.5484416,0.66679555,0.48460016,0.54353446
1_1473,0.47207233,0.44234762,0.5490785,0.32518697,0.571993
1_1474,0.42426184,0.5247975,0.3661642,0.35716426,0.36095345
1_1475,0.24712276,0.35966346,0.28982064,0.35453176,0.3738553
1_1476,0.36347026,0.2728487,0.2486286,0.23071645,0.24825521
1_1477,0.84015775,0.6982891,0.6390622,0.6439268,0.79996425
1_1478,0.37093642,0.5773595,0.5541172,0.40916187,0.64986795
1_1479,1.1490828,1.1133081,1.329285,1.1574123,1.3052874
1_1480,0.76552033,0.728369,0.91879326,0.783629,0.80843395
1_1481,0.7975201,0.6308895,0.61324555,0.6545299,0.5237629
1_1482,0.57892126,0.70547706,1.0366269,0.6970601,0.73340744
1_1483,0.7249042,0.9848084,1.4032139,1.0975327,1.0034904
1_1484,0.33527574,0.40124935,0.70764345,0.3635589,0.49419484
1_1485,0.3464418,0.44672012,0.34394872,0.42790788,0.50005007
1_1486,0.5290359,0.3593992,0.29505828,0.35487437,0.40143687
1_1487,0.23426612,0.40021563,0.42466053,0.42323256,0.6421571
1_1488,0.19164787,0.18178612,0.13325758,0.12923634,0.12715136
1_1489,0.44703797,0.3988015,0.3398231,0.23952758,0.50101864
1_1490,0.7603209,0.2631519,0.2734837,0.27828798,0.3712011
1_1491,0.18360198,0.2826489,0.2575276,0.22026148,0.24581292
1_1492,0.19390729,0.27873263,0.26952586,0.20987764,0.27502692
1_1493,0.2702518,0.4590095,0.31744006,0.34338534,0.37118435
1_1494,0.2536629,0.28279543,0.4082013,0.27550974,0.34026104
1_1495,0.25074723,0.36873752,0.32975325,0.25115266,0.33625466
1_1496,0.30343753,0.39379054,0.35931945,0.31061834,0.37677282
1_1497,0.07547299,0.39235178,0.5673805,0.3858686,0.45693597
1_1498,0.28499871,0.27844194,0.26792938,0.21382393,0.31062198
1_1499,0.3795996,0.3538568,0.26588777,0.17925787,0.26675764
1_1500,0.14161132,0.28338483,0.28119367,0.17916018,0.23779008
1_1501,0.12653589,0.2428718,0.21267791,0.1680005,0.19736691
1_1502,0.47116795,0.3719087,0.33347207,0.27590942,0.41257536
1_1503,0.18894751,0.34656778,0.20556553,0.24290684,0.19906223
1_1504,0.12584266,0.17802183,0.20136867,0.15029281,0.21975535
1_1505,0.31158036,0.15056585,0.14966692,0.08449438,0.23155227
1_1506,0.5113653,0.36500427,0.26763204,0.27571067,0.33127043
1_1507,0.4484486,0.38286543,0.36664703,0.38335088,0.4710425
1_1508,0.26471597,0.22204058,0.15061073,0.1419466,0.15458903
1_1509,0.20309313,0.22694455,0.19124249,0.18377888,0.24025486
1_1510,0.17689039,0.21900506,0.1592078,0.16051821,0.16639133
1_1511,0.17970917,0.25648817,0.21383344,0.22570387,0.23379788
1_1512,0.38667235,0.28706706,0.21461932,0.18586537,0.27068967
1_1513,0.43636733,0.36285815,0.2490276,0.24457818,0.36228675
1_1514,1.6949432,0.7095375,0.9310168,0.47509685,0.99559635
1_1515,0.9840321,0.7499892,0.9510958,0.5677722,0.807331
1_1516,0.4135174,0.41014904,0.47995606,0.32720917,0.42126986
1_1517,0.26798728,0.7641596,0.9549569,0.55658853,0.63431084
1_1518,0.24755667,0.4190096,0.4661411,0.20793697,0.3676316
1_1519,0.5741895,0.45400265,0.43197897,0.33629817,0.5059351
1_1520,0.465503,0.5439598,0.43862042,0.431121,0.51711965
1_1521,0.30379465,0.35301474,0.24135222,0.2590847,0.20930046
1_1522,0.54579026,0.43004075,0.2776767,0.29412198,0.26943308
1_1523,0.34226075,0.36613557,0.30735013,0.27538115,0.26137093
1_1524,0.2473821,0.22286545,0.13197003,0.16946918,0.074362755
1_1525,0.21110532,0.2927439,0.29714942,0.23929992,0.3351652
1_1526,0.39447013,0.24685664,0.1600429,0.118304186,0.2153818
1_1527,0.36032042,0.6151691,0.6308449,0.36339363,0.5510923
1_1528,0.40867236,0.26108715,0.18254289,0.13991041,0.10548507
1_1529,0.35095054,0.34976697,0.35784248,0.27921772,0.41621453
1_1530,0.46076122,0.30465367,0.21947522,0.21768484,0.26318663
1_1531,0.23886488,0.24749897,0.3031686,0.18542635,0.34233427
1_1532,0.17343003,0.33835122,0.34910238,0.3075131,0.29858342
1_1533,0.23087932,0.3331048,0.39568293,0.19993526,0.29095948
1_1534,0.4015049,0.41536167,0.40558517,0.20024377,0.30309317
1_1535,0.29235628,0.3025454,0.39513013,0.2027128,0.47532916
1_1536,0.1970116,0.3212684,0.28609732,0.24905016,0.24936944
1_1537,0.22224323,0.37344426,0.3859781,0.23753262,0.32640427
1_1538,0.22404416,0.36875454,0.2949805,0.28225502,0.29411614
1_1539,0.34738946,0.25419146,0.21331985,0.16338204,0.22199138
1_1540,0.21943615,0.26741406,0.23365913,0.17572238,0.19936578
1_1541,0.25022775,0.25838953,0.095748566,0.1496777,0.055185545
1_1542,0.29187125,0.5590355,0.6692216,0.36799616,0.47788948
1_1543,0.5015338,0.3090622,0.27672642,0.25429052,0.26412684
1_1544,0.23529549,0.34566322,0.45749193,0.22669345,0.47869277
1_1545,0.32400128,0.27987644,0.30671218,0.26354295,0.20102677
1_1546,0.45975015,0.42960012,0.60964245,0.30250007,0.5563241
1_1547,0.55429435,0.35729048,0.42322233,0.24486728,0.42375135
1_1548,0.3595443,0.31932494,0.48342875,0.243892,0.40681022
1_1549,0.2015086,0.55604166,0.7512945,0.4214414,0.54006827
1_1550,0.276629,0.3848806,0.46365905,0.28352952,0.32724816
1_1551,0.17832558,0.44526798,0.70982593,0.34077147,0.45012656
1_1552,0.29578918,0.21245207,0.26695535,0.13592625,0.15689331
1_1553,0.2783765,0.27192906,0.32615274,0.18954477,0.28768253
1_1554,0.69454783,0.36624017,0.39097396,0.28894085,0.30891722
1_1555,0.71931034,0.3290359,0.6732437,0.26257533,0.52422214
1_1556,1.1613623,1.181581,1.0684801,0.88362837,0.9793461
1_1557,0.8009986,0.91639274,0.7993504,0.6391089,0.69215924
1_1558,0.71516985,0.7787675,0.639259,0.6972885,0.5567084
1_1559,0.9173197,1.015793,0.8913612,0.772977,0.6512984
1_1560,0.38296333,0.77479786,0.56630653,0.41140962,0.3601612
1_1561,0.37535468,0.96697974,0.67679447,0.7417161,0.6540186
1_1562,0.5081487,0.2957505,0.305387,0.22886954,0.292889
1_1563,0.5414202,0.29680666,0.3023392,0.1969532,0.27447754
1_1564,0.2344844,0.2666373,0.2785253,0.11059546,0.27489427
1_1565,0.24755321,0.27613226,0.2764249,0.15339556,0.31280053
1_1566,0.34059927,0.584274,0.56690896,0.37933832,0.4076079
1_1567,0.2046295,0.49543592,0.3418922,0.2769401,0.2639403
1_1568,0.19167729,0.58641374,0.94576275,0.4447845,0.58521503
1_1569,0.1968525,0.29121527,0.27436167,0.1847327,0.19929579
1_1570,0.62767655,1.0117697,0.8677349,0.9169384,0.79590034
1_1571,0.5807665,0.3569829,0.5069362,0.3822134,0.4689721
1_1572,0.78663224,0.30519783,0.33816832,0.28837413,0.42664462
1_1573,1.1861976,0.6346558,1.2482101,0.6821031,1.0427471
1_1574,0.54596156,0.561951,0.745521,0.4268852,0.43138984
1_1575,0.16767374,0.30756786,0.37217638,0.24755636,0.31393784
1_1576,0.17983787,0.3806975,0.3903679,0.3129029,0.34255034
1_1577,0.50502175,0.84514445,1.3613926,0.7007479,0.9652278
1_1578,1.0402423,1.1683546,1.7298343,1.3498273,1.584287
1_1579,0.5089966,0.7811045,0.9929932,0.8159337,0.9323496
1_1580,0.6561343,0.78877056,1.2247579,0.8866834,0.7259491
1_1581,0.637302,0.97453505,1.2461652,1.0664585,1.092595
1_1582,0.48771995,0.48643306,0.62559,0.5844054,0.66605896
1_1583,0.35465887,0.42346954,0.6337736,0.5133755,0.5894037
1_1584,0.46513668,0.64445156,0.4517456,0.4345876,0.5146255
1_1585,0.6336593,0.37558153,0.5854847,0.2780015,0.6175503
1_1586,0.68171924,0.34690616,0.48297456,0.28857297,0.42325956
1_1587,0.43661427,0.71587735,1.3845819,0.7640238,1.0941064
1_1588,0.27820852,0.6247831,0.8162239,0.38054633,0.42577046
1_1589,0.4182076,0.7942681,1.4374503,0.7916377,0.8425071
1_1590,0.6086354,0.68903416,0.72833765,0.5374783,0.53366846
1_1591,0.22269018,0.23801152,0.20467488,0.13952929,0.18693376
1_1592,0.19318064,0.29278654,0.31129432,0.2609426,0.33859533
1_1593,0.35733828,0.6055822,0.6464444,0.70982194,0.6399966
1_1594,0.50995356,0.249629,0.39024943,0.23302448,0.5631462
1_1595,0.54665184,0.42872605,0.5765047,0.29133922,0.5359991
1_1596,0.31877124,0.5116838,0.53398734,0.44686192,0.47839564
1_1597,0.21016602,0.56827354,0.6594499,0.59379965,0.6877561
1_1598,0.17455384,0.60925114,0.4521339,0.37828848,0.3930442
1_1599,0.28742895,0.39148253,0.5186724,0.3317795,0.47745866
1_1600,0.30784425,0.20324914,0.3060548,0.17898017,0.34784395
1_1601,0.35768256,0.4031236,0.36230823,0.30473903,0.28984326
1_1602,0.20388687,0.15193492,0.16927536,0.13080688,0.121799745
1_1603,0.20237948,0.20785819,0.49351624,0.13144444,0.43260944
1_1604,0.98660666,1.1514766,1.3873628,0.7781091,1.2444971
1_1605,0.49239042,0.977089,1.1625031,0.80768085,0.9752514
1_1606,0.33216152,0.9423558,0.9787815,0.81449795,0.6844483
1_1607,0.29513845,0.5125308,0.46033934,0.41187248,0.40990704
1_1608,0.8498419,0.5905363,0.5925041,0.5683343,0.62045735
1_1609,1.0979549,0.7654793,0.9632055,0.6738281,0.90704304
1_1610,0.5135937,0.5572588,0.7679915,0.5290497,0.7606019
1_1611,0.50815946,0.67230725,1.0690343,0.82967675,1.1639673
1_1612,0.770603,0.67269176,1.0267272,0.60463476,0.63923955
1_1613,0.89602476,0.6746493,1.3579286,0.5163377,0.86115044
1_1614,1.0380882,0.97744673,1.1308466,1.0030841,1.0258831
1_1615,0.8518347,0.66622037,1.118964,0.8605331,1.0824423
1_1616,0.6417972,0.6913719,0.7336567,0.5534839,0.61586756
1_1617,0.6888876,0.41731283,0.63096917,0.6848968,0.8204799
1_1618,0.77055424,0.26846957,0.3957931,0.4434099,0.50938743
1_1619,0.83295196,0.26522723,0.22547822,0.36634815,0.54066485
1_1620,1.1495701,0.5656775,0.5510749,0.69020796,0.8696818
1_1621,0.9333328,1.2865095,1.7619709,1.2755275,1.5960196
1_1622,0.89008987,0.35518792,0.45971254,0.45392162,0.60590625
1_1623,0.8263144,0.38292363,0.35701087,0.58583325,0.8969646
1_1624,0.53805405,0.27625433,0.28193504,0.35994685,0.46599215
1_1625,0.45854878,0.2720673,0.311638,0.2951646,0.3747555
1_1626,0.4000091,0.6443839,0.551773,0.4697503,0.5298416
1_1627,0.32492855,0.32475236,0.4417073,0.25828797,0.31285414
1_1628,0.51647484,0.19961889,0.4504026,0.06816236,0.3335481
1_1629,0.40829155,0.31416848,0.28850248,0.13096738,0.16705081
1_1630,0.17687358,0.24763708,0.22559701,0.13885398,0.18349129
1_1631,0.1747877,0.5335328,0.4901314,0.40785664,0.47529066
1_1632,0.28882286,0.9626798,1.0978197,0.6602549,0.70580226
1_1633,0.32364604,0.9995039,1.191308,0.84378624,0.81357783
1_1634,0.23988847,0.5787292,0.7745144,0.66398776,0.6141013
1_1635,0.6966831,0.6820377,0.8647396,0.6726108,0.5812593
1_1636,0.8354943,0.40958565,0.531105,0.31105387,0.4446832
1_1637,0.79983884,0.4300191,0.760861,0.3966518,0.58136123
1_1638,0.3759397,0.24174653,0.5270465,0.11467864,0.4839947
1_1639,0.56303424,0.20440504,0.27653253,0.12891209,0.2840639
1_1640,0.39176434,0.4346009,0.72133756,0.47258317,0.74716383
1_1641,0.5714709,0.114228964,0.39148024,0.10612231,0.34397343
1_1642,0.82152456,0.37479514,0.61819524,0.47593078,0.7762279
2_0,0.73111224,0.36306247,0.897159,0.5116954,0.8628945
2_1,0.56820655,0.38677675,0.5262896,0.48029417,0.6898735
2_2,0.92437077,0.34897226,0.4559518,0.31969637,0.54976994
2_3,0.29379162,0.44255412,0.36639807,0.3852623,0.52387565
2_4,0.41588047,0.29978773,0.22989085,0.24211279,0.28861797
2_5,0.24769643,0.32135606,0.28449446,0.24713302,0.2911061
2_6,0.26273906,0.24828225,0.1996839,0.17777875,0.19147441
2_7,0.21079665,0.33435738,0.37289023,0.18282813,0.39607197
2_8,0.19005717,0.33521274,0.2622313,0.23376882,0.25374883
2_9,0.14391848,0.52903485,0.41472518,0.4358621,0.35686898
2_10,0.2260135,0.28350502,0.21956973,0.17441478,0.20096208
2_11,0.33495724,0.49437523,0.4997999,0.31485897,0.5360946
2_12,0.2849108,0.5090034,0.4243092,0.2735384,0.32229215
2_13,0.13204242,0.22127928,0.26200658,0.2296438,0.32533547
2_14,0.22185794,0.39634323,0.3374534,0.3181057,0.3224371
2_15,0.3716125,0.2825408,0.18902388,0.13760866,0.14882153
2_16,0.46106493,0.29100037,0.3901273,0.25413775,0.36435023
2_17,0.6085764,0.45538595,0.546664,0.4937333,0.54093987
2_18,0.44432852,0.17130758,0.27312934,0.18651152,0.36843234
2_19,0.8751862,0.44151872,0.46004665,0.3887363,0.66868967
2_20,0.59722745,0.49045205,0.41901034,0.55298233,0.5490004
2_21,0.22647806,0.24889237,0.31744188,0.26342323,0.3717112
2_22,0.36483854,0.30137518,0.32793295,0.2649097,0.4541043
2_23,0.4939235,0.270295,0.3588034,0.22721225,0.37637886
2_24,0.30894792,0.21173957,0.19243564,0.12306213,0.24567902
2_25,0.3788104,0.48551446,0.41534173,0.43021566,0.4284532
2_26,0.4344148,0.2813995,0.34563458,0.20540023,0.35519242
2_27,0.24233074,0.23333047,0.23371263,0.14801073,0.29071736
2_28,0.27327454,0.26537514,0.26470163,0.14138494,0.19442716
2_29,0.3330143,0.37352777,0.38004142,0.37868732,0.3718043
2_30,0.22209866,0.30744046,0.39851516,0.3078215,0.350165
2_31,0.23146775,0.27549392,0.2894402,0.23061684,0.27266717
2_32,0.8711217,0.5195989,0.6338603,0.39419344,0.59162796
2_33,0.6261125,0.5087005,0.43749166,0.43974346,0.46540982
2_34,0.2979821,0.30744642,0.25338048,0.2934513,0.30723387
2_35,0.17452884,0.2760533,0.34951168,0.24740791,0.3751402
2_36,0.16572371,0.52250177,0.21829459,0.3489405,0.2777664
2_37,0.12915576,0.29571882,0.1787858,0.203709,0.22527817
2_38,0.34917313,0.3268835,0.26101127,0.28348678,0.28813916
2_39,0.37848073,0.30384463,0.23628402,0.16619954,0.19741985
2_40,0.23873915,0.43500572,0.3838961,0.3726071,0.35057938
2_41,0.3261327,0.39534995,0.4095791,0.2726956,0.42985374
2_42,0.50833476,0.33980623,0.35832918,0.27115685,0.33930224
2_43,0.19963793,0.32715964,0.42468572,0.27205375,0.35464603
2_44,0.3329203,0.35140935,0.57121,0.39064914,0.55488753
2_45,0.8442638,0.700843,0.7764358,0.72118753,0.632668
2_46,0.37116706,0.35971004,0.3994612,0.24000171,0.27003163
2_47,0.28483647,0.38606268,0.2042959,0.2806905,0.24554843
2_48,0.27117988,0.4162272,0.3580408,0.3090667,0.36011153
2_49,0.42034456,0.4838385,0.4810118,0.3484588,0.44323632
2_50,0.15435414,0.53705394,0.51912427,0.4913963,0.46139193
2_51,0.19139248,0.2949845,0.20561348,0.21801862,0.18766229
2_52,0.3020572,0.45092112,0.43637228,0.4421968,0.41854793
2_53,0.17559363,0.2568093,0.26658738,0.29083025,0.26477304
2_54,0.38489679,0.421458,0.28452164,0.2509403,0.34524858
2_55,0.54730153,0.48873836,0.6043775,0.3121344,0.35943776
2_56,0.21868956,0.33838594,0.3490886,0.3003384,0.35497856
2_57,0.23214826,0.44328558,0.42686015,0.5012852,0.38895267
2_58,0.35699648,0.268757,0.29275745,0.22665383,0.24674332
2_59,0.7108162,0.4945321,0.4111755,0.34240013,0.4216201
2_60,0.41166753,0.1841481,0.36975962,0.15949783,0.401623
2_61,0.3435111,0.5550562,0.34914058,0.35238057,0.39118218
2_62,0.6915103,0.7108456,0.60798067,0.58861184,0.50577974
2_63,0.7456572,1.3986186,1.3730216,1.1224556,1.0866251
2_64,0.46094814,0.5062697,0.6211466,0.47071528,0.6398588
2_65,0.4572792,0.6180027,0.46070093,0.54663736,0.6032067
2_66,0.7854223,0.3189786,0.42349517,0.40741098,0.6293986
2_67,0.8147447,0.5894881,0.8697612,0.6021004,0.8596531
2_68,0.73087704,0.90866435,0.99408424,0.9170639,1.0187585
2_69,0.80267227,0.4779997,0.64320445,0.51740634,0.66866195
2_70,0.5224564,0.62990505,0.77365315,0.47766566,0.67884064
2_71,0.56089264,0.4137277,0.58373713,0.4953146,0.6839602
2_72,0.27459103,0.36615062,0.42714226,0.45437956,0.47596705
2_73,0.29131636,0.29339123,0.22510836,0.1923939,0.19591665
2_74,0.38559818,0.4908588,0.40001404,0.29298884,0.45101038
2_75,0.41464487,0.25414577,0.19228625,0.19075525,0.298624
2_76,0.2866965,0.44725013,0.4328007,0.38168305,0.5067398
2_77,0.28174752,0.18869582,0.16415745,0.11833517,0.12599754
2_78,0.5026872,0.51934797,0.5243674,0.39979374,0.6776422
2_79,0.4854486,0.3093257,0.2851224,0.30914116,0.37650883
2_80,0.33851734,0.4157008,0.36812505,0.43949047,0.4812948
2_81,0.33257306,0.22613771,0.29187953,0.20541005,0.44775403
2_82,1.4441187,0.8253794,0.8223153,0.7349242,0.8524147
2_83,0.62027067,0.74531734,0.9084149,0.47110575,0.68672824
2_84,1.1877078,0.93021786,0.462633,0.6644113,0.7449229
2_85,0.4464574,0.19422948,0.5023613,0.13297677,0.53874785
2_86,0.81799394,0.8560691,0.48649403,0.55522436,0.769746
2_87,0.88757163,1.0028805,1.0652831,0.70118356,0.8752098
2_88,0.4741081,0.568312,0.4007852,0.36475343,0.3097883
2_89,0.275915,0.40829742,0.33893424,0.26278707,0.30057457
2_90,0.2276228,0.27506453,0.31766868,0.20150366,0.28936955
2_91,0.24741036,0.24068661,0.2381557,0.18302163,0.28107935
2_92,0.2942991,0.2953558,0.22035673,0.18163332,0.23648083
2_93,0.722551,0.4614786,0.4285389,0.30511633,0.37636524
2_94,0.6754104,0.5520117,0.57618964,0.3733316,0.6190906
2_95,0.88922167,0.8987698,0.69743437,0.5413821,0.46971804
2_96,0.6636399,0.5071041,0.570467,0.1655169,0.29293042
2_97,0.25991285,0.365207,0.2888683,0.1507726,0.2338045
2_98,0.21281096,0.27427348,0.21041045,0.14774674,0.21940386
2_99,0.3579471,0.6375474,0.60794014,0.39249942,0.5945292
2_100,0.30232614,0.2770477,0.16434324,0.12892613,0.1247545
2_101,0.43189287,0.42152208,0.2692651,0.22640923,0.28028193
2_102,0.46230915,0.30488682,0.34232754,0.18698224,0.32531488
2_103,0.27402112,0.37480956,0.23603952,0.19149366,0.19814022
2_104,0.363335,0.34012657,0.34194857,0.24008492,0.3366161
2_105,0.54991096,0.33414954,0.22118293,0.124605134,0.16435215
2_106,0.2755152,0.48794532,0.41967154,0.31170303,0.41450334
2_107,0.26904225,0.28712612,0.2661482,0.20614433,0.26112586
2_108,0.39109203,0.36476225,0.3050868,0.22323322,0.22127004
2_109,0.35982984,0.45469004,0.4049302,0.297785,0.29312465
2_110,0.26067734,0.25732177,0.26560417,0.19225208,0.2816745
2_111,0.6000314,0.5311281,0.4656899,0.51482844,0.5042257
2_112,0.68634415,0.8605057,0.8059648,0.5519775,0.6568815
2_113,0.6458417,0.6639366,0.71836364,0.3915946,0.5330701
2_114,0.38259256,0.5760356,0.5871209,0.3755986,0.45784485
2_115,0.23173174,0.696209,0.493408,0.6197442,0.45534104
2_116,0.32008624,0.5550481,0.58178014,0.42985794,0.55634224
2_117,0.6141792,0.81633604,0.85724926,0.7810992,0.7990057
2_118,0.35484332,0.47097164,0.6029203,0.37691212,0.6734825
2_119,0.7755339,0.7724855,0.7270609,0.543662,0.6057285
2_120,0.35310313,0.35558605,0.41049773,0.3413657,0.5344928
2_121,0.34097952,0.7561808,0.69490534,0.8358683,0.6727987
2_122,0.16088441,0.23833705,0.22670093,0.19596592,0.16791648
2_123,0.45978332,0.46717528,0.36722785,0.3432,0.34518772
2_124,0.37377745,0.32316196,0.4580843,0.30671996,0.46437436
2_125,0.24960057,0.30219877,0.20356458,0.16268858,0.26946944
2_126,0.31975436,0.46003175,0.30971998,0.3245706,0.38019437
2_127,0.3111264,0.21248132,0.116626844,0.097747125,0.073052645
2_128,0.7151195,0.7276926,1.0418208,0.6688231,0.8818853
2_129,0.42605585,0.17805451,0.26641154,0.15382837,0.40734828
2_130,0.31957835,0.29079783,0.32418692,0.15094048,0.35790426
2_131,0.23539898,0.3897634,0.40062535,0.23378918,0.48986045
2_132,0.27339557,0.35114744,0.30575615,0.22233626,0.25468597
2_133,0.22040819,0.28318518,0.30627018,0.15490255,0.26922548
2_134,0.36328095,0.3253433,0.26772198,0.23608625,0.26933512
2_135,0.23978731,0.26054472,0.24688065,0.21270305,0.28208572
2_136,0.23602225,0.32049432,0.27043915,0.25277287,0.23130685
2_137,0.42797256,0.42210975,0.23384644,0.292188,0.4456798
2_138,0.52112484,0.69179034,0.7329594,0.5169742,0.5172535
2_139,0.5203521,0.39126116,0.40386358,0.24232614,0.2683714
2_140,0.34824663,0.49654716,0.65326333,0.40277126,0.44854927
2_141,0.37682432,0.35227478,0.2769285,0.24963678,0.20725915
2_142,0.22108692,0.2649075,0.3037117,0.08336543,0.3195632
2_143,0.27176428,0.18073425,0.18856439,0.10950993,0.17068598
2_144,0.26762474,0.30675504,0.35038555,0.25117648,0.37105125
2_145,0.6035996,0.40218163,0.5377108,0.34109265,0.3792622
2_146,0.55570436,0.8292072,0.55428386,0.6120838,0.5587368
2_147,0.47960225,0.2507324,0.2997507,0.22458158,0.4223794
2_148,0.8101901,0.51667714,0.72415787,0.3901779,0.47188455
2_149,0.97360784,0.9277688,0.6871448,0.60180104,0.93990684
2_150,1.1147242,0.6550543,0.84018016,0.5121765,1.06563
2_151,0.72642606,0.58194757,0.5953766,0.56094253,0.63323617
2_152,0.6885688,0.7109705,0.8042029,0.6982409,0.58829355
2_153,0.30784535,0.6385515,0.51159596,0.49217135,0.6944641
2_154,0.7669617,0.8474704,0.8819727,0.7895371,0.6140665
2_155,0.5261328,0.4025575,0.5117785,0.34902167,0.5280186
2_156,0.78836894,0.8782828,1.1008064,0.7252402,0.82453495
2_157,0.48978812,0.31913343,0.38121003,0.2218417,0.32429582
2_158,0.20451722,0.44455445,0.45284542,0.3339903,0.34697172
2_159,0.15822591,0.29189822,0.27770758,0.24720638,0.35583362
2_160,0.71134186,0.44181556,0.34423116,0.3739575,0.4448416
2_161,0.35962266,0.47418612,0.45885146,0.30475578,0.5960659
2_162,0.6077157,0.5265004,0.44941938,0.26242042,0.45374966
2_163,0.2470653,0.31935215,0.30308032,0.24889645,0.411927
2_164,0.37806937,0.6961737,0.62720525,0.48355162,0.5106596
2_165,0.6704433,0.65631866,0.5174009,0.3632685,0.41494983
2_166,0.8953662,0.5293403,0.5110375,0.37817183,0.50059354
2_167,0.2493179,0.46524218,0.36104065,0.2071483,0.15995738
2_168,0.23937705,0.29957741,0.39889064,0.20123394,0.28681982
2_169,0.38791573,0.46792448,0.42255318,0.25282374,0.4305644
2_170,0.27478746,0.54577804,0.27702686,0.29253006,0.25894228
2_171,0.18929693,0.40018559,0.31378525,0.30490747,0.26230025
2_172,0.46999806,0.28297514,0.3001157,0.2882044,0.3693191
2_173,0.3684644,0.37850055,0.27052212,0.2406654,0.2843096
2_174,0.33555686,0.30255097,0.34644583,0.23233785,0.36702603
2_175,0.4561433,0.40465334,0.30901954,0.2126199,0.23959208
2_176,0.22589815,0.28973252,0.38094693,0.19761154,0.3840136
2_177,0.18477833,0.31160414,0.27540615,0.23819056,0.24457869
2_178,0.26305062,0.37604553,0.3339907,0.25190458,0.2795687
2_179,0.24292883,0.5030938,0.3722365,0.31925666,0.387813
2_180,0.3133145,0.31057817,0.22876383,0.18093786,0.24185936
2_181,0.24533749,0.47349113,0.28743315,0.35207865,0.2838509
2_182,0.42191914,0.43723816,0.30273953,0.31680813,0.2825184
2_183,0.7096846,0.81652796,0.8262929,0.83993036,0.8996229
2_184,0.32118058,0.38815415,0.34886593,0.22641444,0.32734933
2_185,0.2680594,0.5153724,0.34318346,0.32656762,0.2716734
2_186,0.25481278,0.25191134,0.2600659,0.18078241,0.29647636
2_187,0.39780945,0.30605388,0.25891444,0.22273946,0.2543764
2_188,0.23170972,0.31289107,0.31115398,0.17390323,0.29878992
2_189,0.2106598,0.3113705,0.27682835,0.2144104,0.22011364
2_190,0.26579362,0.32725433,0.28569418,0.18183525,0.32779324
2_191,0.29220867,0.321128,0.4164967,0.20486279,0.31139183
2_192,0.27748847,0.47451144,0.34556955,0.26379615,0.25037405
2_193,0.353616,0.7849669,0.69375235,0.49123234,0.6688118
2_194,0.43688858,0.35530734,0.40864247,0.2731035,0.34074026
2_195,0.3921311,0.3139363,0.23656812,0.24546933,0.3435337
2_196,0.29733217,0.37295824,0.2346132,0.34472564,0.27129036
2_197,0.52377766,0.52907383,0.3756043,0.41076458,0.37866578
2_198,0.5682496,0.24118677,0.23510534,0.32105428,0.33906174
2_199,0.27159584,0.25315082,0.17167844,0.14383864,0.22618616
2_200,0.36545867,0.5402224,0.55480516,0.43715793,0.5295117
2_201,0.34883055,0.27692348,0.22256756,0.14604,0.20801803
2_202,0.12476237,0.23325194,0.2559977,0.14522357,0.23145357
2_203,0.10412593,0.23053214,0.17417201,0.10266243,0.17449817
2_204,0.22800575,0.47209543,0.40284604,0.29789984,0.3570375
2_205,0.26571602,0.35284442,0.24552192,0.18323559,0.19963655
2_206,0.44667003,0.4232403,0.2864645,0.22383581,0.2459164
2_207,0.21315299,0.22429305,0.26418677,0.14090407,0.28022778
2_208,0.21729872,0.21090145,0.18958196,0.1231007,0.19902393
2_209,0.26141262,0.3652626,0.25738803,0.2153028,0.32074934
2_210,0.30559385,0.41722578,0.27533296,0.33128926,0.2880079
2_211,0.6476453,0.5540985,0.55472016,0.34227812,0.48095024
2_212,0.16099736,0.29827708,0.22798379,0.20577051,0.27812117
2_213,0.18409157,0.19238797,0.17758787,0.16615188,0.13875753
2_214,0.29577172,0.2702892,0.18153492,0.15093493,0.13146415
2_215,0.28094757,0.39288324,0.2877258,0.20804426,0.20913227
2_216,0.39269704,0.36707902,0.23866561,0.21810609,0.27430484
2_217,0.5290092,0.39246312,0.34955943,0.23648673,0.34089038
2_218,0.69027805,0.6298218,0.51170814,0.34260508,0.44905463
2_219,0.195202,0.2762614,0.27329534,0.1613746,0.2439438
2_220,0.16504467,0.23492603,0.18193361,0.10235925,0.15423132
2_221,0.25339004,0.37485522,0.23161092,0.21660733,0.29659668
2_222,0.19023626,0.37446123,0.2876898,0.33768928,0.27830726
2_223,0.28059098,0.19660437,0.10221297,0.11014958,0.092185706
2_224,0.56596434,0.4705794,0.30402845,0.21669483,0.3821701
2_225,0.61047745,0.37944406,0.28143376,0.19144922,0.27131742
2_226,0.1987485,0.4601527,0.40380996,0.3222057,0.35372093
2_227,0.31738842,0.49744165,0.43205607,0.3674241,0.37371176
2_228,0.37746587,0.41888088,0.2239542,0.23207077,0.24184415
2_229,0.34368432,0.45643973,0.4088483,0.27626008,0.32901996
2_230,0.21991388,0.22129348,0.17726506,0.15404014,0.15401143
2_231,0.18033701,0.26407546,0.2701429,0.19668105,0.20409414
2_232,0.1603224,0.16254124,0.15084781,0.11815833,0.17728457
2_233,0.19746187,0.26471585,0.16756809,0.14129046,0.22969161
2_234,0.2977327,0.3376422,0.24516931,0.225589,0.28675467
2_235,0.33547512,0.2956335,0.21241388,0.16123106,0.18144065
2_236,0.23646842,0.24275032,0.28783324,0.19280216,0.32798302
2_237,0.25618088,0.44420424,0.5726967,0.4528545,0.45245874
2_238,0.25247538,0.40842596,0.30453265,0.27665117,0.23090725
2_239,0.24578363,0.28670865,0.17007688,0.15985623,0.17981866
2_240,0.28116152,0.2788906,0.18312284,0.15834343,0.1923206
2_241,0.49139687,0.36304894,0.27693933,0.2002688,0.21592662
2_242,0.18693572,0.2359454,0.23682699,0.13883041,0.20008382
2_243,0.2391439,0.28144687,0.24041206,0.18207237,0.25062907
2_244,0.2536019,0.57078093,0.5540191,0.41222578,0.4134611
2_245,0.19966546,0.23085335,0.16475326,0.13052997,0.11517221
2_246,0.40099722,0.44661975,0.358289,0.23987055,0.3542273
2_247,0.5182935,0.2565009,0.21228129,0.19367519,0.21840759
2_248,0.15101051,0.34027934,0.31615627,0.21870494,0.25015852
2_249,0.3937661,0.4602067,0.39368197,0.30989432,0.3387054
2_250,0.3783403,0.39976215,0.29034907,0.14674455,0.21916927
2_251,0.339818,0.4055705,0.3313014,0.25196776,0.33297586
2_252,0.41328102,0.21115981,0.0945135,0.13029118,0.19264524
2_253,0.34428874,0.39563513,0.29828686,0.219263,0.32714763
2_254,0.47633916,0.42603576,0.44892773,0.22334558,0.45372236
2_255,0.72698164,0.6989877,0.25906122,0.35938293,0.45400095
2_256,0.43118268,0.55001307,0.4283945,0.32226744,0.40362626
2_257,0.5369146,0.51548374,0.4350335,0.3439951,0.36519155
2_258,0.30480325,0.47695193,0.41057092,0.4142425,0.43242052
2_259,0.29593432,0.30893925,0.2190945,0.2009384,0.17246328
2_260,0.43749118,0.47293895,0.31227428,0.324176,0.35818452
2_261,0.38686645,0.30387336,0.3017201,0.28426477,0.38178748
2_262,0.34834933,0.16598603,0.078747466,0.1182206,0.08582766
2_263,0.52976596,0.51178765,0.53920007,0.40449366,0.4764496
2_264,0.50912595,0.37499505,0.34260592,0.42115903,0.40657353
2_265,0.29086667,0.18523522,0.23980424,0.11644937,0.19657323
2_266,0.48318428,0.36633125,0.38029742,0.2897266,0.551875
2_267,0.48297146,0.28032655,0.24408913,0.24930978,0.36192912
2_268,0.19835202,0.15822063,0.15538883,0.14080615,0.18983293
2_269,0.2587024,0.35272807,0.26715446,0.24963807,0.32251233
2_270,0.5542228,0.4059146,0.32574284,0.26401648,0.42713374
2_271,0.65096486,0.4445878,0.37994242,0.40247586,0.42040724
2_272,0.2324709,0.3242792,0.45823273,0.4061246,0.51691216
2_273,0.3225916,0.22815526,0.3621662,0.2225104,0.46388608
2_274,1.0907732,0.51895225,0.6141027,0.42837113,0.71005183
2_275,1.1111479,0.6830137,0.8666798,0.6178967,0.8984839
2_276,0.48893976,0.4941194,0.5766279,0.38978595,0.46556652
2_277,0.41788113,0.87550473,0.6635006,0.7723497,0.6980845
2_278,0.492081,0.39817798,0.38382238,0.36698198,0.41526693
2_279,0.45837483,0.5556782,0.41811854,0.48673904,0.5907941
2_280,0.560951,0.52337146,0.6044975,0.6378133,0.7427545
2_281,0.2532958,0.3305687,0.24269828,0.2413383,0.30023468
2_282,0.62076795,0.49017912,0.34111422,0.44627094,0.5350134
2_283,0.46256477,0.36374035,0.29232115,0.27732268,0.34720352
2_284,0.21884617,0.26887184,0.22026414,0.16058686,0.20865545
2_285,0.13081062,0.16210444,0.21907307,0.10944102,0.35531342
2_286,0.14128411,0.19650102,0.224408,0.10284448,0.15583123
2_287,0.15872413,0.32028317,0.29940507,0.15513648,0.2562735
2_288,0.13745001,0.33202833,0.28006876,0.2975155,0.2938565
2_289,0.22948802,0.26259214,0.14816615,0.16699965,0.17250232
2_290,0.36887938,0.6107459,0.52905834,0.2648462,0.40609848
2_291,0.5074856,0.34235713,0.37625054,0.17398098,0.309429
2_292,0.20757687,0.45005614,0.32025725,0.37201202,0.31750092
2_293,0.19221199,0.29377186,0.4017382,0.28952646,0.37873906
2_294,0.9912069,0.56411445,0.46764022,0.52625316,0.5313218
2_295,0.5932331,0.3770647,0.3970887,0.23433438,0.40558913
2_296,0.2614184,0.2794894,0.3198845,0.19497374,0.27626407
2_297,0.18889901,0.2857963,0.39096236,0.27337113,0.34524277
2_298,0.2605474,0.3818633,0.3823791,0.2674911,0.29358208
2_299,0.45068565,0.43801993,0.50636405,0.35902336,0.5870939
2_300,0.5338195,0.4654894,0.42892098,0.39999583,0.49725074
2_301,0.3143186,0.27377698,0.20067728,0.14903803,0.25977886
2_302,0.38077897,0.44298226,0.39508802,0.37913424,0.39232537
2_303,0.26357958,0.18846941,0.25875023,0.22576445,0.3743003
2_304,0.14705361,0.18022522,0.21835801,0.16614443,0.27268147
2_305,0.3875991,0.39446384,0.34668833,0.39906424,0.46907502
2_306,0.8232873,0.3588249,0.39699364,0.36461973,0.5560032
2_307,0.8327471,0.40942204,0.6346494,0.4349566,0.5682447
2_308,0.30879387,0.5566378,0.944744,0.5454326,0.72125095
2_309,0.50677615,0.26700807,0.50434244,0.2988813,0.52566075
2_310,0.6957322,0.4333315,0.61292005,0.4182701,0.55279726
2_311,0.41245088,0.38875154,0.5865646,0.5223998,0.6125413
2_312,0.5075489,0.24328047,0.33697885,0.34080356,0.4647279
2_313,0.28037116,0.24624726,0.27183872,0.24287088,0.3907845
2_314,0.13050966,0.20737278,0.19723435,0.19005024,0.2730188
2_315,0.19391043,0.34723657,0.3490606,0.42041278,0.4183974
2_316,0.4292746,0.26120925,0.197559,0.23713988,0.2396097
2_317,0.1346558,0.31979844,0.31045383,0.2784921,0.38358015
2_318,0.22173417,0.19531864,0.19412935,0.17743856,0.3622704
2_319,0.1681343,0.40727258,0.28839147,0.2921532,0.31176153
2_320,0.27304804,0.25760186,0.17647025,0.21132955,0.23074798
2_321,0.45030388,0.41350678,0.52753913,0.31557596,0.5119096
2_322,0.3773182,0.4263966,0.38124174,0.35117608,0.3614389
2_323,0.20111,0.41849515,0.4304291,0.39657658,0.39991534
2_324,0.21164961,0.4534316,0.48703846,0.37465155,0.4298263
2_325,0.42653507,0.50924593,0.38617444,0.2906146,0.31819612
2_326,0.43952733,0.40880996,0.38542384,0.31773245,0.3492465
2_327,0.45854777,0.3840217,0.30147836,0.2127487,0.2320895
2_328,0.16369088,0.36990377,0.391222,0.23403126,0.36263615
2_329,0.2987008,0.5875258,0.45632565,0.39850828,0.32819802
2_330,0.48211485,0.68770146,0.67483467,0.3845558,0.46914148
2_331,1.0142972,0.86633086,0.71530026,0.83984196,0.6326401
2_332,0.48447338,0.31357232,0.3892151,0.2727987,0.38842213
2_333,0.4513576,0.445207,0.3843351,0.39785022,0.37552398
2_334,0.38055456,0.22400494,0.32646197,0.24623813,0.3981703
2_335,0.3378447,0.47206622,0.31929415,0.2833914,0.28428355
2_336,0.45109636,0.41101682,0.31841755,0.37853366,0.3853181
2_337,0.35760802,0.3421967,0.25920105,0.2613559,0.322458
2_338,0.46738082,0.5239634,0.4205437,0.36413687,0.40232098
2_339,0.3612811,0.32784975,0.36199564,0.2703271,0.3979469
2_340,0.3003174,0.42012393,0.3002979,0.23223579,0.25961584
2_341,0.1197551,0.2357968,0.27360013,0.15731451,0.36756623
2_342,0.14790465,0.4043846,0.4081289,0.36518872,0.32097638
2_343,0.18863268,0.24597129,0.1834761,0.1896705,0.13149004
2_344,0.7390255,0.40008205,0.3923925,0.22777808,0.34125984
2_345,0.49182904,0.2117593,0.23698132,0.12626965,0.21806772
2_346,0.22521058,0.20507717,0.17178258,0.09311483,0.16489024
2_347,0.19407511,0.20864081,0.13009936,0.116575986,0.112728864
2_348,0.25228292,0.2959929,0.29989278,0.24144465,0.27172518
2_349,0.24422106,0.23268142,0.13833784,0.16775233,0.17065692
2_350,0.35970032,0.34254602,0.18527679,0.19080901,0.26322412
2_351,0.47422707,0.26236582,0.27512604,0.16920799,0.37299258
2_352,0.35715103,0.49371266,0.51150596,0.38669914,0.4973445
2_353,0.5524819,0.7486928,0.84938514,0.4603548,0.65219676
2_354,0.6122432,0.9184052,1.1628134,1.1280974,1.0513276
2_355,0.31114715,0.24012464,0.21981573,0.13228112,0.15780258
2_356,0.34016097,0.476413,0.37623912,0.32084316,0.35608345
2_357,0.2960231,0.33894753,0.29369545,0.21335196,0.23214214
2_358,0.08557922,0.26571864,0.27596378,0.14021185,0.24149808
2_359,0.11527468,0.3401499,0.29196298,0.23010594,0.2673052
2_360,0.3420598,0.3360895,0.38692856,0.25877178,0.32619885
2_361,0.32960308,0.16962636,0.13610823,0.15834087,0.20311409
2_362,0.18495099,0.20512459,0.17429546,0.1465944,0.29573295
2_363,0.14630695,0.24042392,0.16642751,0.18079598,0.1550652
2_364,0.5030593,0.41112894,0.3636034,0.20591469,0.33358115
2_365,0.6158873,0.6182728,0.5969816,0.5251875,0.6104474
2_366,0.45641744,0.1657836,0.26613402,0.18484855,0.4943208
2_367,1.0381974,0.5571734,0.62860805,0.43831986,0.73414946
2_368,0.34788215,0.59128773,0.45788455,0.49666452,0.5424422
2_369,0.15195623,0.30045015,0.272479,0.23859307,0.3441647
2_370,0.3456124,0.30336273,0.33281338,0.1913415,0.32351783
2_371,0.25230068,0.47641551,0.2323026,0.23284781,0.24903896
2_372,0.24970102,0.24411568,0.20953736,0.18257761,0.23555571
2_373,0.2830262,0.21807064,0.13271931,0.14620773,0.17415656
2_374,0.3903473,0.4108463,0.2909673,0.28951234,0.35378057
2_375,0.40458548,0.43790329,0.26370132,0.28015766,0.33499336
2_376,0.4313007,0.50307655,0.4134674,0.42237836,0.47130883
2_377,0.80599,0.7798316,0.65711874,0.59945726,0.58053446
2_378,0.5605435,0.39839292,0.3851869,0.3370186,0.3431488
2_379,0.23553427,0.80586994,0.55648094,0.80480385,0.5645481
2_380,0.1823275,0.22325027,0.17645131,0.17039582,0.19276722
2_381,0.41702735,0.33077374,0.2570708,0.17944163,0.3319843
2_382,0.37581408,0.25393665,0.24023476,0.14986527,0.20404048
2_383,0.16973838,0.24648423,0.25863716,0.17980039,0.32776597
2_384,0.19159767,0.40206653,0.38670316,0.30128348,0.27421913
2_385,0.3804773,0.52052057,0.5116912,0.367953,0.36159408
2_386,0.40266398,0.41872317,0.38610798,0.29843682,0.33128297
2_387,0.38697273,0.2886994,0.2684135,0.24217212,0.24319802
2_388,0.2946533,0.24713486,0.23705164,0.1595236,0.2388733
2_389,0.26440805,0.35641354,0.268855,0.29381675,0.3183338
2_390,0.33051908,0.40598142,0.33100954,0.33709505,0.36231014
2_391,0.6958749,0.35629028,0.30081937,0.31337348,0.3039617
2_392,0.28836775,0.31637317,0.25482628,0.26572236,0.28733364
2_393,0.4645561,0.82880473,0.37700224,0.48862147,0.4674762
2_394,0.71732914,0.46948084,0.56294024,0.26354462,0.6275514
2_395,0.38466534,0.594409,0.34181964,0.42770827,0.3619057
2_396,0.19837573,0.34693015,0.2210992,0.2501984,0.29603988
2_397,0.29823175,0.216593,0.16205415,0.16811278,0.23145796
2_398,0.23477712,0.3771637,0.17372379,0.16637012,0.28169987
2_399,0.42928576,0.3870709,0.21669707,0.27022076,0.36356974
2_400,0.62697506,0.60488397,0.7189066,0.5697051,0.6379333
2_401,0.30528456,0.26414722,0.14734048,0.14765292,0.17453113
2_402,1.2706075,0.7447015,0.44360125,0.46401167,0.60141265
2_403,1.0141134,0.5614855,0.47696012,0.28822535,0.21590993
2_404,0.19808215,0.24714072,0.3162065,0.22583067,0.37876737
2_405,0.24862279,0.318735,0.25544968,0.2470677,0.23215121
2_406,0.30398113,0.38106266,0.35954016,0.20272192,0.24348545
2_407,0.53830564,1.0345707,0.88312864,0.8223268,0.8117871
2_408,0.3405218,0.5059898,0.38040024,0.3209498,0.3227085
2_409,0.53431785,0.44719785,0.36299938,0.31770375,0.38973048
2_410,0.41727757,0.6433853,0.6187023,0.5410849,0.5196612
2_411,0.1940296,0.25161302,0.19049123,0.16862634,0.1941205
2_412,0.2878349,0.44684458,0.31127864,0.2855075,0.35687906
2_413,0.38465905,0.3195538,0.2367813,0.19952387,0.24231166
2_414,0.20784771,0.6731307,0.5933781,0.7036232,0.54348147
2_415,0.16478583,0.23771793,0.15428405,0.17355478,0.12782921
2_416,1.007553,0.6749604,0.66723114,0.40237635,0.6244546
2_417,0.65010774,0.3753874,0.63606465,0.21058011,0.43764275
2_418,0.17875752,0.24179292,0.2902503,0.1566903,0.23116201
2_419,0.27565485,0.5785683,0.9835651,0.45493382,0.58227277
2_420,0.46717086,0.8986809,0.8948377,0.6243524,0.6708695
2_421,1.1416869,0.77393603,0.8912749,0.6676818,0.7043182
2_422,0.3118533,0.28439826,0.20966828,0.17085078,0.22867417
2_423,0.48507875,0.92805696,0.6826501,0.5620266,0.5556957
2_424,0.5758923,0.3854484,0.34417123,0.39724803,0.4447473
2_425,0.45854422,0.25350332,0.24788764,0.23184511,0.40683073
2_426,0.35572615,0.32227114,0.21126416,0.24946144,0.39841393
2_427,0.27173397,0.23838411,0.16269375,0.15678963,0.15141559
2_428,0.5135672,0.379102,0.408121,0.3619643,0.39297193
2_429,0.5112678,0.32021904,0.4118027,0.22885257,0.41204232
2_430,0.5785158,0.36352286,0.3095446,0.21122703,0.42094082
2_431,0.3291195,0.4539239,0.33991534,0.25847244,0.29141396
2_432,0.07668997,0.24823466,0.24704157,0.14402075,0.2362946
2_433,0.083384395,0.17352742,0.14648703,0.07557549,0.09571728
2_434,0.123565845,0.35822743,0.23817499,0.17285514,0.32630798
2_435,0.25179166,0.533959,0.34058273,0.3552323,0.31516957
2_436,0.30501145,0.19848987,0.1204338,0.115857214,0.09231529
2_437,0.36868113,0.43517512,0.26465914,0.26088387,0.29479533
2_438,0.49048167,0.2599277,0.16017759,0.20961784,0.20166603
2_439,0.1765849,0.27191967,0.30548862,0.25090927,0.35266238
2_440,0.23695998,0.38076803,0.264142,0.22243655,0.25105864
2_441,0.61426777,0.45301712,0.36693403,0.25016865,0.36839136
2_442,0.7464613,0.41788155,0.45595258,0.28912055,0.41230756
2_443,0.15046412,0.31155115,0.20388839,0.20936157,0.19841316
2_444,0.09012591,0.2941612,0.24341252,0.19144833,0.24765474
2_445,0.27982086,0.29910773,0.2571143,0.18926379,0.25937727
2_446,0.25463173,0.40261653,0.17742261,0.20625335,0.22037575
2_447,0.18752937,0.3900631,0.26188946,0.2973235,0.24837893
2_448,0.1942572,0.22003436,0.1026444,0.13196892,0.1011034
2_449,0.5225301,0.4778868,0.31580058,0.27345422,0.32030177
2_450,0.19379142,0.29201812,0.27433005,0.14526124,0.3435404
2_451,0.10853048,0.22229743,0.17481786,0.10957012,0.1678243
2_452,0.089804366,0.29321986,0.26906252,0.19045357,0.2290816
2_453,0.19368544,0.36951548,0.27264595,0.2887835,0.23151907
2_454,0.23829135,0.27277535,0.17630321,0.14112775,0.12834403
2_455,0.40100527,0.36327982,0.21300709,0.21523911,0.24308117
2_456,0.21925041,0.24055384,0.18235436,0.14491272,0.16281313
2_457,0.21447352,0.31475163,0.20687664,0.24085228,0.16080728
2_458,0.23474464,0.36615846,0.31895912,0.29011217,0.25527334
2_459,0.277889,0.23502731,0.15327859,0.17969504,0.20273027
2_460,0.57374084,0.44308874,0.41766778,0.36115283,0.451276
2_461,0.6935879,0.51902795,0.34406275,0.38277787,0.32935956
2_462,0.67113125,0.57701147,0.7101422,0.29867265,0.4977516
2_463,0.6443367,0.7245209,0.9157158,0.8277933,0.7432345
2_464,0.23557226,0.28680465,0.28308266,0.15433076,0.23068506
2_465,0.2868219,0.41371524,0.42212534,0.34944022,0.5010842
2_466,0.31429502,0.4087477,0.36375868,0.31447944,0.36664087
2_467,0.12710688,0.26521042,0.33428514,0.23778005,0.3508339
2_468,0.124640524,0.18361978,0.17692411,0.14571954,0.18693073
2_469,0.47117513,0.35908508,0.5562189,0.24230354,0.33244592
2_470,0.52407026,0.63872814,0.8521399,0.5239171,0.6438329
2_471,0.3142618,0.2599119,0.45853257,0.22152594,0.45550132
2_472,0.50453734,0.49252385,0.55544204,0.22784099,0.4373468
2_473,0.25893047,0.59290373,0.47298002,0.3717774,0.39777708
2_474,0.14351639,0.2077997,0.15784788,0.13650224,0.17453718
2_475,0.10333209,0.19960386,0.16595627,0.08482206,0.12724105
2_476,0.18800706,0.32005316,0.22811131,0.15803511,0.26918513
2_477,0.15758124,0.35696375,0.26630324,0.28835332,0.2785517
2_478,0.3399646,0.26879573,0.18246038,0.15667666,0.14996004
2_479,0.84815216,0.9338263,1.0566983,0.6463343,0.62348145
2_480,0.41989547,0.28209317,0.2638402,0.14920741,0.2178596
2_481,0.1792283,0.35130197,0.25880393,0.32499093,0.24720883
2_482,0.36973578,0.2645064,0.42826957,0.26503658,0.3673747
2_483,0.43392318,0.38763902,0.28518254,0.3061775,0.29458964
2_484,0.21404882,0.4258144,0.3103254,0.29243925,0.33304405
2_485,0.44255635,0.46294624,0.80511415,0.27043533,0.31945997
2_486,0.7390158,0.93925226,0.86775833,0.8539963,0.70947325
2_487,0.28444034,0.3575855,0.4479536,0.35731316,0.49707225
2_488,0.7580459,0.55201054,0.49964353,0.54721993,0.7510607
2_489,1.00347,0.5268211,0.6553167,0.6178597,0.7754876
2_490,0.6255874,0.40164393,0.3368197,0.45864365,0.34348917
2_491,0.3050981,0.38090056,0.41988862,0.5091285,0.7034503
2_492,0.8040228,0.8100647,0.6349401,0.78235877,0.64699113
2_493,0.4074719,0.53562367,0.43399185,0.31055334,0.42260692
2_494,0.59394807,0.67593807,0.6353984,0.433228,0.5625702
2_495,0.6517091,0.33154616,0.5339585,0.2077857,0.5269033
2_496,0.5817318,0.3477565,0.35500556,0.3152889,0.40967512
2_497,0.1899899,0.2747576,0.30593956,0.2546558,0.36008096
2_498,0.19680136,0.48989707,0.4230252,0.37917972,0.33226243
2_499,0.22908232,0.35401654,0.34010357,0.24386454,0.32326365
2_500,0.39572567,0.37105572,0.3656539,0.23756844,0.33959228
2_501,0.17580307,0.20559813,0.22360143,0.16085802,0.22641304
2_502,0.2423751,0.41793218,0.28677994,0.27055848,0.29541445
2_503,0.32656014,0.36674398,0.24255112,0.23781052,0.23604086
2_504,0.28220242,0.3483233,0.33399546,0.20883116,0.34735453
2_505,0.25549558,0.2498901,0.11715165,0.07120928,0.07231363
2_506,0.25281078,0.40930986,0.2564171,0.2663919,0.24901552
2_507,0.18064825,0.19218138,0.23263168,0.20334958,0.28076512
2_508,0.49392316,0.38473928,0.32967782,0.23147498,0.26279277
2_509,0.3069737,0.21332394,0.25565326,0.17011128,0.32212317
2_510,0.38569224,0.29950923,0.26750946,0.2154097,0.30712736
2_511,0.5318422,0.33349055,0.36630523,0.42858577,0.48622236
2_512,0.3428409,0.2532729,0.29812133,0.2114982,0.2824728
2_513,0.44422853,0.45141828,0.45808738,0.41015863,0.5394651
2_514,0.27837268,0.31125683,0.30946708,0.28824276,0.35236406
2_515,0.2804804,0.2198579,0.22330225,0.15078165,0.2909217
2_516,0.5615769,0.43463212,0.44769102,0.33040273,0.561742
2_517,0.6210728,0.3193707,0.19642483,0.21622013,0.2462877
2_518,0.24982718,0.27387646,0.31098256,0.18231061,0.32839975
2_519,0.3246014,0.28523797,0.26320732,0.20628464,0.30606472
2_520,0.38773614,0.3800722,0.35378575,0.27776363,0.33884478
2_521,0.20797014,0.23918359,0.22004126,0.2135678,0.24575806
2_522,0.2670853,0.40569866,0.33334514,0.25858808,0.3309595
2_523,0.37827373,0.33897102,0.48316887,0.19682845,0.4372118
2_524,0.3582127,0.46962804,0.39876032,0.24169706,0.3086144
2_525,0.14183056,0.3104889,0.35531238,0.28008723,0.38121706
2_526,0.09769274,0.34099245,0.34770483,0.2887474,0.2795604
2_527,0.27125636,0.5354467,0.58532405,0.2720494,0.3588438
2_528,0.41987917,0.445099,0.3678022,0.30884582,0.4034524
2_529,0.18007204,0.21219286,0.1590322,0.1603709,0.14519453
2_530,0.17133278,0.27892804,0.17927445,0.17518155,0.111888334
2_531,0.3150176,0.32987577,0.20305765,0.21115425,0.18682341
2_532,0.49264455,0.31085002,0.25794303,0.16936323,0.1999658
2_533,0.15397787,0.2515344,0.18081954,0.161475,0.22249795
2_534,0.14183223,0.28028914,0.21473937,0.2070526,0.20963651
2_535,0.4217215,0.61492693,0.44668454,0.2868306,0.3545061
2_536,0.20313096,0.3138354,0.32730806,0.19011089,0.2554623
2_537,0.31203368,0.26172388,0.21119002,0.23372893,0.301307
2_538,0.38967103,0.383938,0.2172232,0.1964407,0.29587445
2_539,0.3153289,0.47070614,0.38373467,0.3624788,0.42888856
2_540,0.29383105,0.28074974,0.12408481,0.16687623,0.12906343
2_541,0.7264254,0.7389322,0.6214182,0.5379197,0.60359037
2_542,0.31079763,0.30250078,0.3033745,0.22147319,0.36584508
2_543,0.18204102,0.16541737,0.07140705,0.06218514,0.10014663
2_544,0.39292946,0.3997358,0.3233235,0.3461035,0.40137887
2_545,0.3256203,0.42800102,0.284617,0.2672612,0.28598493
2_546,0.14363948,0.37020263,0.29161453,0.3022087,0.3325681
2_547,0.2194823,0.19454645,0.091352805,0.106284596,0.107105374
2_548,0.41746688,0.37539202,0.3315279,0.37135726,0.43764207
2_549,0.19806704,0.27746212,0.22457352,0.23290385,0.28480843
2_550,0.26693666,0.27376825,0.1848222,0.26910713,0.35179436
2_551,0.2982577,0.17969157,0.11119327,0.13556263,0.1865009
2_552,0.21181591,0.33859318,0.24235374,0.27294165,0.26786268
2_553,0.2936421,0.31782073,0.16064203,0.22150695,0.26337004
2_554,0.83347785,0.4475131,0.34030098,0.32897365,0.5433972
2_555,0.31934378,0.21470314,0.18186326,0.16185652,0.22461972
2_556,0.2330675,0.20039447,0.19171654,0.19636953,0.23704636
2_557,0.25158718,0.42094228,0.30852258,0.2947923,0.39820212
2_558,0.5986707,0.46001375,0.5916939,0.30033308,0.581126
2_559,0.6392191,0.6104902,0.47416705,0.35269558,0.4215036
2_560,0.4114067,0.57687294,0.5593004,0.38832206,0.63472307
2_561,0.1875725,0.7182805,0.8571138,0.5937487,0.5801728
2_562,0.27842003,0.37698656,0.37124217,0.27082637,0.3092549
2_563,0.23015179,0.8366293,0.85697126,0.6599536,0.5986819
2_564,0.44344229,0.20125957,0.21539779,0.17948252,0.1686151
2_565,0.28048673,0.25548738,0.24720196,0.21361758,0.33782017
2_566,0.15907893,0.20365278,0.15312116,0.14581971,0.1563952
2_567,0.1438987,0.2144751,0.17984283,0.16829404,0.21589944
2_568,0.63114536,0.4235589,0.4088125,0.3401705,0.40795267
2_569,0.44307715,0.35383022,0.40175742,0.37954497,0.5055443
2_570,0.8232758,0.31587327,0.36736906,0.28985068,0.64915705
2_571,0.71605384,0.7928493,0.6218145,0.66815054,0.74095494
2_572,0.29333937,0.24110018,0.19989686,0.19584534,0.14748047
2_573,0.3412519,0.3742805,0.4158856,0.33242816,0.45464388
2_574,0.2592901,0.3918081,0.28625315,0.30520374,0.28450525
2_575,0.13039938,0.23977168,0.22263485,0.18854992,0.2477256
2_576,0.3349726,0.42717814,0.31415087,0.23472482,0.30858147
2_577,0.5067201,0.4424023,0.39431828,0.28749838,0.36730006
2_578,0.18546014,0.2716207,0.18255405,0.17068937,0.20976701
2_579,0.3016139,0.2851973,0.24398537,0.19196694,0.21304688
2_580,0.34528056,0.3581077,0.22137883,0.2737075,0.24731573
2_581,0.248125,0.54165757,0.4451183,0.37701607,0.37192714
2_582,0.41877624,0.36722833,0.38743457,0.22166063,0.27620286
2_583,0.6102579,0.52022177,0.49102834,0.30458477,0.37864652
2_584,0.19297147,0.18743227,0.16719232,0.13752943,0.23222955
2_585,0.14963883,0.31378514,0.25136882,0.25498292,0.22188446
2_586,0.46517354,0.69270444,0.7195285,0.537841,0.65345025
2_587,0.80592823,0.61003745,0.40820467,0.5259987,0.5243398
2_588,0.41032258,0.5107751,0.531348,0.47443098,0.65163803
2_589,0.3108396,0.87315583,0.6318708,0.79725873,0.7168788
2_590,0.34632468,0.245025,0.31076682,0.20459485,0.40124983
2_591,0.3939727,0.52319366,0.35527992,0.38154727,0.4847813
2_592,0.19645937,0.24255362,0.21004975,0.25044024,0.26349515
2_593,0.19502816,0.26663256,0.21670777,0.19309947,0.27618477
2_594,0.3737038,0.4697227,0.3746638,0.24147227,0.38592482
2_595,0.38530767,0.48881826,0.33488673,0.3983213,0.40447232
2_596,0.4382627,0.39992702,0.387784,0.3427434,0.50119895
2_597,0.6244284,0.6393684,1.128469,0.63878876,0.953688
2_598,0.36634517,0.7884805,0.94316494,0.7567779,0.790257
2_599,0.21809012,0.26968187,0.25913987,0.23111111,0.33645946
2_600,0.31324703,0.4003803,0.44127315,0.29544812,0.53180075
2_601,0.376696,0.22890314,0.27107894,0.15899178,0.19928284
2_602,0.1548112,0.23145378,0.24400832,0.14586732,0.2613123
2_603,0.16178723,0.24687009,0.2739491,0.12512347,0.24961856
2_604,0.18320057,0.22965841,0.14017516,0.106517285,0.119385496
2_605,0.26251855,0.2536534,0.24224612,0.15378486,0.31082067
2_606,0.64354646,0.3695343,0.23449658,0.2221001,0.294214
2_607,0.20554674,0.503754,0.33877945,0.30942556,0.4280684
2_608,0.1392484,0.21354786,0.1183689,0.138207,0.123782694
2_609,0.24340585,0.568377,0.43000543,0.37555116,0.43625683
2_610,0.2694034,0.29604307,0.16590941,0.17331725,0.17889334
2_611,0.44202513,0.32489076,0.23352681,0.170807,0.2062689
2_612,0.17336929,0.2016245,0.17670259,0.1279183,0.20916371
2_613,0.18292972,0.41548836,0.33140385,0.27150884,0.28083324
2_614,0.3403883,0.26137477,0.21951473,0.131538,0.15620741
2_615,0.57813525,0.4941504,0.50418234,0.38392574,0.46624237
2_616,0.44646978,0.14695191,0.29372767,0.14341006,0.4653367
2_617,0.5508329,0.431154,0.42343706,0.2727922,0.58823615
2_618,0.56023884,0.5538914,0.500941,0.5174247,0.61969066
2_619,0.3270849,0.52406853,0.5141893,0.52670395,0.56353307
2_620,0.14457043,0.22512358,0.10574916,0.13788329,0.094893545
2_621,0.21020974,0.32501757,0.20597649,0.20426904,0.24002871
2_622,0.37491286,0.26191622,0.17634775,0.20192987,0.23461556
2_623,0.6387251,0.3243482,0.2621425,0.17476305,0.25120038
2_624,0.26696283,0.25702253,0.23773095,0.10748248,0.25649494
2_625,0.16701514,0.27594972,0.20370989,0.16307427,0.16414477
2_626,0.12335603,0.41011643,0.4228721,0.35173157,0.30216122
2_627,0.25463745,0.27932405,0.20070629,0.18511611,0.14752293
2_628,0.369443,0.4468368,0.37124056,0.28853664,0.27962962
2_629,0.50012195,0.31970036,0.22563851,0.32718912,0.2575546
2_630,0.21112376,0.44499603,0.44065243,0.33630782,0.4326458
2_631,0.16517553,0.28753018,0.17895488,0.1756498,0.13015115
2_632,0.33928186,0.39608896,0.32917604,0.18666482,0.3364723
2_633,0.58088017,0.33752853,0.3208175,0.20684728,0.221925
2_634,0.2322752,0.24031906,0.29917678,0.19615737,0.35845906
2_635,0.20703831,0.44022542,0.47329918,0.4058907,0.45765316
2_636,0.3435833,0.48880267,0.4806807,0.31926483,0.38956892
2_637,0.6295011,0.76389766,0.95861256,0.55898976,0.73889166
2_638,0.40300918,0.23647635,0.28213426,0.08785493,0.21180817
2_639,0.2187545,0.35213476,0.35089076,0.18486923,0.30163836
2_640,0.19086581,0.21796843,0.22102524,0.18685964,0.2495383
2_641,0.32569313,0.4505887,0.43082398,0.33632016,0.43659663
2_642,0.23783214,0.30440107,0.1711379,0.20255423,0.18235151
2_643,0.3011241,0.44892657,0.24005978,0.24204731,0.24314398
2_644,0.31453955,0.3421283,0.23492554,0.24435261,0.25765753
2_645,0.33788776,0.3056804,0.12452315,0.18230423,0.14082088
2_646,0.5448923,0.6213079,0.36494762,0.4306431,0.4229347
2_647,0.24423483,0.29493755,0.2503147,0.2413368,0.28798142
2_648,0.30902314,0.2843202,0.18765289,0.28583148,0.26876763
2_649,0.28554678,0.32950485,0.12560606,0.17639033,0.1778309
2_650,0.2441068,0.2488536,0.3218025,0.22798377,0.33697814
2_651,0.37982184,0.40264976,0.2615621,0.2657763,0.21531105
2_652,0.1931532,0.2807837,0.1922284,0.22345376,0.20323369
2_653,0.08830823,0.18899147,0.15614653,0.17710814,0.17180017
2_654,0.12651041,0.25578886,0.20796844,0.18199629,0.19163848
2_655,0.22522524,0.27393454,0.17209601,0.16129293,0.21384394
2_656,0.3980133,0.34373713,0.2550397,0.18295012,0.24832207
2_657,0.30846933,0.30759245,0.36139762,0.13028313,0.20135427
2_658,0.18051577,0.28177828,0.24692062,0.17885144,0.23886167
2_659,0.13435546,0.28243303,0.20879403,0.1842877,0.13162364
2_660,0.15681122,0.23181498,0.18865243,0.16736647,0.11597539
2_661,0.14963809,0.1753622,0.106367156,0.1318832,0.07397823
2_662,0.18476453,0.15319847,0.10794573,0.12875769,0.10842107
2_663,0.21047705,0.284071,0.16063407,0.1827348,0.12472401
2_664,0.27326483,0.23279235,0.15603389,0.14824429,0.11945606
2_665,0.18209237,0.15150177,0.19203256,0.15096167,0.25329614
2_666,0.23191172,0.5045412,0.37578446,0.25160912,0.3614089
2_667,0.5237932,0.7959851,0.5881581,0.63820565,0.5507044
2_668,0.37382442,0.40351433,0.41308302,0.2989083,0.37380752
2_669,0.28737566,0.23421909,0.3020475,0.22647883,0.3939084
2_670,0.28481853,0.3226066,0.23530391,0.26419103,0.3107429
2_671,0.36413068,0.2736823,0.34591234,0.28551182,0.40753013
2_672,0.22960913,0.3013273,0.23385261,0.19205569,0.23355794
2_673,0.2625805,0.2512103,0.15659216,0.17729458,0.1909399
2_674,0.106335945,0.2665419,0.20024753,0.20972404,0.21956432
2_675,0.48426065,0.41614705,0.22998393,0.2828059,0.2635696
2_676,0.25223356,0.19801664,0.18877082,0.1872274,0.3002987
2_677,0.5189084,0.503408,0.38717875,0.28738865,0.45369837
2_678,0.883162,0.41141796,0.5786536,0.41161072,0.82233286
2_679,0.37877673,0.49883425,0.33062506,0.4597071,0.45847583
2_680,0.26808113,0.18297423,0.101584494,0.122873545,0.11724819
2_681,0.30389524,0.38631272,0.36165285,0.34304893,0.41448012
2_682,0.27609116,0.28921294,0.21534985,0.32127118,0.25717348
2_683,0.18580116,0.20400809,0.17328587,0.16690904,0.22996059
2_684,0.34365806,0.376705,0.29884064,0.22548932,0.37995386
2_685,0.46925345,0.3100552,0.2357528,0.18784481,0.25562933
2_686,0.2862946,0.45992243,0.30686086,0.22114974,0.29074904
2_687,0.29948857,0.36535728,0.28827953,0.18265751,0.15874484
2_688,0.33144593,0.6243354,0.45653382,0.40345782,0.57760394
2_689,0.5622684,0.5112637,0.4783256,0.3527129,0.3911374
2_690,0.53223777,0.56501687,0.46254593,0.3471896,0.4235436
2_691,0.65852314,0.9323182,0.73747784,0.62036806,0.8663478
2_692,0.69199824,0.61839294,0.46523523,0.44584483,0.4863316
2_693,0.7842189,0.61859995,0.5157481,0.49675852,0.50174475
2_694,0.34835738,0.7042428,0.59368134,0.54608494,0.5827248
2_695,0.3121208,0.3855248,0.23794915,0.23261186,0.2714736
2_696,0.4783374,0.362361,0.3177142,0.18198827,0.3140812
2_697,0.21957193,0.2534297,0.26454145,0.16142024,0.2523066
2_698,0.1348757,0.20745203,0.1374354,0.0947024,0.1306493
2_699,0.16817933,0.28698647,0.20707291,0.22403282,0.1717402
2_700,0.22410962,0.36520028,0.35783058,0.2913743,0.329414
2_701,0.62822616,0.45688164,0.31036943,0.26767933,0.25429842
2_702,0.31649402,0.35976478,0.33291185,0.1555776,0.225821
2_703,0.21848208,0.8022827,0.7695108,0.5531281,0.5434836
2_704,0.21700218,0.26375553,0.19490726,0.15691063,0.15317439
2_705,0.1019311,0.41913915,0.4221822,0.1974316,0.23837692
2_706,0.13516071,0.29487503,0.27824688,0.16656774,0.16563591
2_707,0.10924186,0.23340464,0.22058654,0.14356792,0.15939875
2_708,0.23488313,0.39062738,0.32248133,0.20679086,0.2562191
2_709,0.31129116,0.4398198,0.38438252,0.25182495,0.1896317
2_710,0.2897929,0.64450896,0.5204375,0.44018263,0.38257146
2_711,0.5242176,0.23121795,0.28931004,0.18616371,0.44496012
2_712,0.83736277,0.31854045,0.38093996,0.3750924,0.6735192
2_713,0.38530666,0.35465348,0.24270752,0.2538039,0.3659004
2_714,0.40318483,1.044905,0.6578597,0.54431784,0.5945458
2_715,0.42837614,0.69527173,0.6975271,0.5350673,0.6766818
2_716,0.19932011,0.4837705,0.5122153,0.31170726,0.36361158
2_717,0.35733917,0.4200771,0.25155556,0.24011454,0.23840345
2_718,0.2982003,0.26174128,0.31277165,0.2793888,0.37008214
2_719,0.5720157,0.79093057,0.71612364,0.6798674,0.7670719
2_720,0.50899076,0.26944047,0.40220553,0.26597986,0.47075886
2_721,0.77654105,0.39623508,0.40622443,0.47753593,0.48502877
2_722,0.56234694,0.4551844,0.35354894,0.49731672,0.4812026
2_723,0.38663688,0.5078759,0.6027927,0.6192291,0.63309526
2_724,0.4914128,0.43692845,0.4358863,0.42287198,0.5238268
2_725,0.7393224,0.58467877,0.7769698,0.60483134,0.84351254
2_726,0.67770576,0.5556155,0.5224531,0.46995234,0.74944067
2_727,0.78230906,0.45397347,0.5137134,0.3920744,0.5789266
2_728,0.2583549,0.4118293,0.23197421,0.25496626,0.18137857
2_729,0.30609244,0.66428435,0.5717211,0.48876768,0.6580646
2_730,0.25513807,0.37948596,0.3799355,0.33662364,0.47485846
2_731,0.37549967,0.88138103,0.43751967,0.54341316,0.6609596
2_732,0.40425742,0.30727917,0.39113992,0.2664801,0.46081182
2_733,0.47532246,0.28723896,0.31903666,0.2343401,0.37619528
2_734,0.24688902,0.24503163,0.25992244,0.23031071,0.3866769
2_735,0.31196353,0.7096651,0.53123736,0.50569487,0.5154885
2_736,0.94849324,0.274929,0.5128299,0.16371179,0.6793572
2_737,0.72878826,0.25401074,0.32223207,0.20965758,0.38068813
2_738,0.40101868,0.3215816,0.2363213,0.32334146,0.367953
2_739,0.10133702,0.28944546,0.2850942,0.22437628,0.29723018
2_740,0.1828173,0.39870143,0.31509447,0.29279307,0.29607177
2_741,0.48704034,0.69828403,0.6636032,0.5266967,0.46003136
2_742,0.4343235,0.463517,0.46353987,0.3509307,0.5905677
2_743,0.86167383,0.5800208,0.4940158,0.42412183,0.4003682
2_744,0.4399123,0.35792994,0.47574508,0.31008962,0.47053874
2_745,0.2790398,0.54310364,0.5564188,0.5180264,0.48376164
2_746,0.20706381,0.25922108,0.28554657,0.20551847,0.26271686
2_747,0.21772172,0.403884,0.5403017,0.26513728,0.48543313
2_748,0.27563372,0.32016397,0.29327333,0.20098767,0.18567425
2_749,0.13986157,0.20753364,0.20404276,0.11361534,0.23059162
2_750,0.33316323,0.20724753,0.2186441,0.07969251,0.2736895
2_751,0.3666957,0.34172577,0.18570381,0.19587258,0.2527481
2_752,0.28353718,0.36162114,0.25784922,0.21839938,0.32888952
2_753,0.38267457,0.6047479,0.42538425,0.32963467,0.36374924
2_754,0.61673486,0.73107433,0.81178683,0.693434,0.6711979
2_755,0.34733444,0.29360935,0.27508527,0.18344106,0.2808564
2_756,0.42482042,0.54681873,0.34847748,0.34427306,0.39598387
2_757,0.40527594,0.32992196,0.21613346,0.23460302,0.3158047
2_758,0.28189003,0.4117642,0.28902072,0.2677031,0.28625324
2_759,0.25216383,0.37464833,0.22450504,0.18328425,0.1825503
2_760,0.31921273,0.76087344,0.575598,0.48242754,0.45003268
2_761,0.28371248,0.16752818,0.12889984,0.10491638,0.11219719
2_762,0.5374961,0.52001154,0.25783882,0.32946664,0.31903088
2_763,0.3963896,0.28726417,0.28566486,0.24302536,0.3878699
2_764,0.6684533,0.5000599,0.32113504,0.30430958,0.37870172
2_765,0.62581396,0.42613155,0.38260403,0.34841186,0.3929608
2_766,0.37291372,0.5013647,0.43079072,0.44756198,0.3820684
2_767,0.3622393,0.45595524,0.46177304,0.59913087,0.60011756
2_768,0.41251338,0.13447797,0.1547369,0.1620928,0.26538968
2_769,0.71363354,0.2510063,0.33417666,0.29210293,0.6523153
2_770,1.021079,0.6333846,0.72563183,0.8132349,1.0898964
2_771,1.2476664,0.7979145,1.4586477,0.7540914,1.1795515
2_772,0.6410147,0.45269716,0.95247304,0.48039913,0.7730849
2_773,0.2661146,0.48831302,0.53682613,0.45308912,0.55362105
2_774,0.16599676,0.3099402,0.6256107,0.40208524,0.5923605
2_775,0.41814274,0.46716672,0.50517833,0.5890907,0.5706395
2_776,0.1744433,0.2253822,0.2137692,0.16182137,0.22641826
2_777,0.16950828,0.27316114,0.17034975,0.23402756,0.21453759
2_778,0.33922148,0.27054715,0.24546708,0.26667738,0.2785055
2_779,0.2916974,0.15994136,0.08026682,0.1693052,0.15869308
2_780,0.13243812,0.166098,0.14311776,0.12350449,0.19768503
2_781,0.31759366,0.21618333,0.14102392,0.13068026,0.16729711
2_782,0.62728536,0.62889826,0.6193782,0.52511966,0.5511776
2_783,0.432458,0.24208751,0.32846636,0.25521123,0.5237898
2_784,0.44184703,0.3065539,0.43447253,0.35178545,0.5425213
2_785,0.55085593,0.40909833,0.3824942,0.26869023,0.48190948
2_786,0.29853314,0.4216628,0.34643543,0.3799927,0.40677476
2_787,0.18640165,0.22519678,0.16486117,0.18922082,0.21309106
2_788,0.10737865,0.21911685,0.2327241,0.1538471,0.22132795
2_789,0.32934135,0.28560323,0.1687158,0.19346622,0.19387811
2_790,0.17291415,0.31510517,0.22822711,0.1944966,0.18611902
2_791,0.17858875,0.29912922,0.23130302,0.22054496,0.19031839
2_792,0.20316695,0.29879794,0.22979708,0.3138569,0.30416372
2_793,0.22418334,0.30801225,0.27996737,0.3595405,0.32591558
2_794,0.30786267,0.33138263,0.3609927,0.26149735,0.35456678
2_795,0.46766877,0.45710474,0.39161086,0.40963548,0.6006099
2_796,0.3735137,0.23301186,0.17487168,0.1365463,0.21062092
2_797,0.20619257,0.38517347,0.39347124,0.2930639,0.47897357
2_798,0.28655887,0.36072564,0.25890133,0.30375594,0.2614504
2_799,0.5506148,0.4128114,0.31524673,0.26823193,0.37921634
2_800,0.55395305,0.4976604,0.4011917,0.26099014,0.4146812
2_801,0.39785618,0.3974245,0.2823583,0.21553937,0.22594993
2_802,0.4254707,0.80241114,0.5676176,0.640623,0.615226
2_803,0.5952004,0.5209158,0.4107893,0.44826895,0.42581144
2_804,0.6608585,0.49975532,0.3578979,0.30782193,0.33071062
2_805,0.23868501,0.38388515,0.35531533,0.2674277,0.31600493
2_806,0.21215798,0.370044,0.35826796,0.29089782,0.3124784
2_807,0.2434153,0.27048954,0.20708475,0.1700283,0.15870406
2_808,0.4524154,0.44749504,0.37334716,0.28049847,0.38294834
2_809,0.4811877,0.16401729,0.12291053,0.1428302,0.20295066
2_810,0.12530571,0.2740671,0.26916593,0.24479607,0.27641493
2_811,0.21536303,0.2183515,0.23374848,0.1996741,0.22974773
2_812,0.34063125,0.43916783,0.40551108,0.24820963,0.4031751
2_813,0.40938354,0.34239748,0.33515215,0.1934922,0.24204908
2_814,0.15655687,0.28180736,0.30348888,0.18814224,0.30654186
2_815,0.15819845,0.46912652,0.36977077,0.33680582,0.26674837
2_816,0.16539206,0.26097605,0.19774371,0.19414043,0.132976
2_817,0.2044633,0.3497852,0.1883519,0.23381212,0.18598081
2_818,0.35214,0.2573128,0.20336282,0.17591853,0.20012331
2_819,0.5832593,0.40300894,0.29139137,0.265118,0.24409604
2_820,0.21269044,0.3635335,0.33643782,0.27708328,0.23782066
2_821,0.22834548,0.2527665,0.31949514,0.22219819,0.33336163
2_822,1.0232317,0.9313599,1.0525074,0.86763144,0.9240596
2_823,0.33192092,0.2863803,0.23981015,0.1974501,0.2471218
2_824,0.36065573,0.40871066,0.45067808,0.37093198,0.38515815
2_825,0.23325467,0.31034094,0.3395986,0.29234272,0.41235644
2_826,0.22851884,0.24279167,0.20255855,0.20918444,0.20520717
2_827,0.14257714,0.20837468,0.27221525,0.2020892,0.27366352
2_828,1.3473814,0.72808385,0.5115514,0.62726396,0.7515707
2_829,0.81221026,0.72865283,0.60442066,0.57501304,0.6578915
2_830,0.5493549,0.41176605,0.46215767,0.380031,0.6049973
2_831,0.2495949,0.48060596,0.6484833,0.55047613,0.64976454
2_832,0.11468763,0.16630419,0.14287308,0.13661435,0.12479253
2_833,0.20946306,0.3490733,0.23236406,0.24625151,0.31177533
2_834,0.32113972,0.32636696,0.2841751,0.29977673,0.31150627
2_835,0.32064483,0.25197914,0.20365289,0.16635555,0.20554197
2_836,0.16097002,0.22829501,0.16808009,0.13726097,0.16264409
2_837,0.04189731,0.20824143,0.19420934,0.110439196,0.15468627
2_838,0.06393907,0.24023108,0.17030512,0.13716662,0.102429986
2_839,0.12864983,0.23042887,0.19725642,0.18866014,0.20497224
2_840,0.32069176,0.466147,0.25916138,0.32968247,0.24048427
2_841,0.3223675,0.3441854,0.27764732,0.17908397,0.30697462
2_842,0.2696117,0.38426366,0.23399101,0.33836612,0.40176788
2_843,0.29398388,0.28403765,0.31999612,0.26906312,0.38157636
2_844,0.23187914,0.38477796,0.32781026,0.29830614,0.38866606
2_845,0.29665196,0.44016644,0.34246355,0.39237493,0.36268502
2_846,0.17975867,0.20643911,0.2071019,0.19992818,0.34723258
2_847,0.22245023,0.21680686,0.14181942,0.18539265,0.27488157
2_848,0.26212,0.29244763,0.28130853,0.26153427,0.37479344
2_849,0.2636782,0.218106,0.141689,0.15654142,0.21093312
2_850,0.13535947,0.1565899,0.1369735,0.08812008,0.2035298
2_851,0.26793113,0.21445127,0.1289017,0.14202899,0.14801374
2_852,0.19371744,0.25701928,0.24425726,0.23331216,0.27267456
2_853,0.2297813,0.2513222,0.17980486,0.2031054,0.2808634
2_854,0.34105805,0.24450384,0.21077251,0.2897305,0.4634629
2_855,0.48991305,0.46926212,0.39300805,0.55267924,0.48018846
2_856,0.44446093,0.4998502,0.6746635,0.43844435,0.59352696
2_857,0.40189263,0.660518,0.66602165,0.9002421,0.72236276
2_858,0.37378466,0.23107824,0.18152617,0.1332744,0.16979629
2_859,0.2227793,0.45512193,0.31905296,0.3832875,0.32533956
2_860,0.33103192,0.3387394,0.22504443,0.32409978,0.31048614
2_861,0.22313961,0.22356169,0.210008,0.24409625,0.3774112
2_862,0.2658928,0.38430804,0.26306552,0.30844897,0.35050136
2_863,0.35719535,0.4253772,0.29621187,0.37314293,0.31683382
2_864,0.2966753,0.2875769,0.23539409,0.20542186,0.291651
2_865,0.25608614,0.39283067,0.26801166,0.3313582,0.28194493
2_866,0.2831934,0.35530004,0.33887827,0.3758706,0.43228915
2_867,0.56588024,0.33343518,0.27931064,0.3443521,0.36040026
2_868,0.21988052,0.20419875,0.18204445,0.17251179,0.18128279
2_869,0.3773631,0.34952945,0.25653583,0.2351453,0.23160398
2_870,0.4422795,0.40493202,0.32581502,0.3264892,0.35501903
2_871,0.5083665,0.47436684,0.3623489,0.28252906,0.2856471
2_872,0.19616526,0.23276868,0.2578227,0.20801777,0.33434048
2_873,0.15869859,0.26238775,0.20806308,0.20348199,0.20925042
2_874,0.20843051,0.27296668,0.21728216,0.15767093,0.17680466
2_875,0.16741155,0.5444332,0.6677921,0.40627804,0.4617101
2_876,0.4560723,0.3521611,0.30203092,0.228964,0.22566685
2_877,0.28393948,0.3771683,0.333044,0.24034868,0.2870373
2_878,0.2907075,0.3108615,0.23061019,0.2083785,0.20718029
2_879,0.19225435,0.29204392,0.26088828,0.15301308,0.2832008
2_880,0.24278478,0.18819529,0.13113627,0.10432313,0.17381431
2_881,0.15095179,0.28645444,0.28874695,0.22479588,0.33081478
2_882,0.12183155,0.116403446,0.0760291,0.08792866,0.118951306
2_883,0.3350023,0.3202334,0.23182514,0.19352111,0.3241889
2_884,0.45241386,0.20820124,0.1889182,0.15533963,0.3099625
2_885,0.31896916,0.31401333,0.29879853,0.24873391,0.43600193
2_886,0.7564167,0.8800291,0.80056953,0.5916911,0.7361454
2_887,1.2306209,0.63852954,0.49047244,0.36241505,0.5806265
2_888,0.4507001,0.6296191,0.5441876,0.414377,0.45531976
2_889,0.29053777,0.54619026,0.5714323,0.37698227,0.5026727
2_890,0.23382014,0.3053347,0.2593828,0.182626,0.15238091
2_891,0.094222575,0.28059876,0.22811112,0.1505717,0.1981161
2_892,0.2601253,0.31595024,0.23186064,0.17792766,0.19976906
2_893,0.2752504,0.27995384,0.20788729,0.1578441,0.1881566
2_894,0.15552202,0.20512477,0.15305483,0.102058604,0.17898093
2_895,0.13313463,0.18970674,0.095570356,0.10249424,0.0761594
2_896,0.23254366,0.27989766,0.22189581,0.20794636,0.22741446
2_897,0.22373278,0.3006389,0.25718504,0.2644369,0.20833172
2_898,0.1466577,0.22410396,0.14128277,0.12694536,0.08258085
2_899,0.40114665,0.42695102,0.47330797,0.23582667,0.32263482
2_900,0.38050777,0.27095354,0.25702313,0.11363074,0.14384012
2_901,0.11775121,0.3897864,0.36131898,0.24641958,0.31578907
2_902,0.19663346,0.35948062,0.32779038,0.21722817,0.28665954
2_903,0.18368366,0.31470802,0.20891856,0.16894501,0.12477176
2_904,0.21415627,0.3806959,0.37976927,0.23892586,0.3001306
2_905,0.2802853,0.23602347,0.13957071,0.1633121,0.20467526
2_906,0.33563057,0.33673704,0.17552677,0.16917191,0.26503116
2_907,0.21392418,0.43543798,0.30836827,0.27268684,0.45187974
2_908,0.34297353,0.6062842,0.27213785,0.3244441,0.2957735
2_909,0.51025844,0.79414296,0.52184427,0.39106774,0.60413104
2_910,0.47504193,0.72008175,0.4482584,0.50618196,0.43912536
2_911,0.28306523,0.2789635,0.23704736,0.24136882,0.27629033
2_912,0.24774398,0.23624982,0.16422981,0.18720093,0.20481926
2_913,0.18756571,0.35176426,0.28681684,0.21367896,0.26356116
2_914,0.3545161,0.52469146,0.7054969,0.35754052,0.6171808
2_915,0.36805743,0.36539495,0.3399336,0.21705815,0.38123605
2_916,0.22322056,0.42455408,0.48363593,0.36595336,0.4430619
2_917,0.26233384,0.2880634,0.18094191,0.18387555,0.12096368
2_918,0.6025937,0.4801076,0.3875026,0.23053098,0.49537772
2_919,0.4141012,0.32502055,0.31884265,0.2147311,0.2896105
2_920,0.08293182,0.16264756,0.10109692,0.09255565,0.116513744
2_921,0.05663984,0.18361181,0.19694048,0.1487495,0.19591355
2_922,0.19980197,0.29216605,0.2651105,0.2852829,0.27146533
2_923,0.21617363,0.3153794,0.18948236,0.19679278,0.17431815
2_924,0.117410675,0.15454629,0.15138102,0.11162349,0.16834144
2_925,0.14475387,0.2115259,0.16590503,0.12778941,0.13217416
2_926,0.11848445,0.27159265,0.20487663,0.20310578,0.15495479
2_927,0.19679883,0.33602208,0.2513606,0.25386152,0.17416018
2_928,0.20767584,0.31607053,0.2971321,0.22526617,0.21045917
2_929,0.25977474,0.20670313,0.10172638,0.054634318,0.03733349
2_930,0.14200352,0.4148307,0.39256674,0.27833202,0.26279145
2_931,0.17082313,0.4170002,0.3878503,0.29875472,0.35400316
2_932,0.48932603,0.60406053,0.72079706,0.5559352,0.57482094
2_933,0.81916577,0.87267876,1.0843624,0.70514655,0.73795277
2_934,0.4949138,0.26717833,0.8531062,0.3379467,0.7014792
2_935,0.21486498,0.44520462,0.35789853,0.3325436,0.33476746
2_936,0.15641478,0.29734814,0.26382706,0.25503772,0.2543316
2_937,0.19137403,0.21791758,0.14733791,0.24005751,0.24784929
2_938,0.3867824,0.3525861,0.36464402,0.2594437,0.4150626
2_939,0.7671419,0.30358166,0.3413841,0.3528452,0.4161025
2_940,0.21937528,0.2095967,0.14781994,0.120342,0.11428158
2_941,0.27101192,0.24226433,0.20251268,0.21092159,0.2943144
2_942,0.40027884,0.26315582,0.22695023,0.1804156,0.30235052
2_943,0.2256989,0.22274165,0.12150909,0.18032885,0.20405257
2_944,0.14981064,0.28820953,0.26809454,0.27871978,0.3283706
2_945,0.40984038,0.32497156,0.23871984,0.2470898,0.32855222
2_946,0.3253708,0.26720184,0.2432121,0.184931,0.40071425
2_947,0.20385534,0.30477148,0.22432145,0.24662618,0.26163357
2_948,0.22561306,0.34610802,0.26644483,0.25824258,0.27491447
2_949,0.46569955,0.45863783,0.45269156,0.2809816,0.46674204
2_950,0.41453642,0.36533824,0.27913302,0.19612864,0.21592736
2_951,0.14836362,0.24544784,0.2810619,0.2275708,0.34515062
2_952,0.21348386,0.3712411,0.3799157,0.2959747,0.28701192
2_953,0.15569502,0.31604892,0.22051157,0.18242165,0.19190165
2_954,0.29694146,0.6362934,0.6728062,0.4834986,0.47029567
2_955,0.15672098,0.17134213,0.11357412,0.084490165,0.055874176
2_956,0.16093272,0.2937625,0.18140446,0.12926899,0.12637173
2_957,0.27588362,0.3682438,0.3143192,0.32207993,0.3229702
2_958,0.5631681,0.30014277,0.20869642,0.2494371,0.23661241
2_959,0.17419246,0.29875535,0.30653477,0.24556129,0.333226
2_960,0.10642328,0.27861708,0.29593205,0.28727895,0.324081
2_961,0.38357893,0.39196017,0.3406465,0.18531586,0.39568487
2_962,0.33715248,0.17051783,0.3110217,0.11046218,0.24547914
2_963,0.12976316,0.19075307,0.1663717,0.11167735,0.13182566
2_964,0.13474283,0.24279195,0.19445501,0.19645557,0.17608511
2_965,0.19139892,0.2912941,0.27991828,0.2653758,0.3028725
2_966,0.3464674,0.24303965,0.2552502,0.18870163,0.3503936
2_967,0.56349224,0.3629272,0.36301947,0.31306028,0.38731837
2_968,0.5030744,0.79073393,0.5721508,0.48493224,0.58741844
2_969,0.5998853,0.4982596,0.6566285,0.36790887,0.57965374
2_970,0.57244277,0.36611584,0.4031998,0.30603078,0.391992
2_971,0.20012778,0.29477936,0.3960263,0.2717331,0.30275458
2_972,0.23382416,0.3231817,0.4473371,0.36458588,0.4354353
2_973,0.53519064,0.8097756,0.8901479,0.782134,0.6594255
2_974,0.21492946,0.32118872,0.2696615,0.27288747,0.24719317
2_975,0.12528908,0.2910964,0.18407255,0.24503717,0.25097096
2_976,0.15088093,0.29364997,0.23174639,0.29713452,0.20476593
2_977,0.1965097,0.26159644,0.25401312,0.282825,0.27063477
2_978,0.4637558,0.3611651,0.424664,0.27500552,0.4471122
2_979,0.42125124,0.38958684,0.49421662,0.41318876,0.533088
2_980,0.25105903,0.7607336,0.9368137,0.8181091,0.6297333
2_981,0.17610487,0.19257899,0.20820972,0.17863956,0.15324041
2_982,0.13436523,0.22362375,0.24077427,0.19295207,0.21583587
2_983,0.1380444,0.2522077,0.28310737,0.25961304,0.26318446
2_984,0.22394107,0.27653074,0.25053066,0.23366326,0.31392485
2_985,0.33331007,0.28298482,0.3434384,0.30801415,0.30312967
2_986,0.25400704,0.16751917,0.31640553,0.14453998,0.24792932
2_987,0.54056895,0.33255798,0.36960474,0.29637313,0.5152613
2_988,0.37173328,0.36177135,0.42947322,0.3850797,0.5880105
2_989,0.872435,0.31443858,0.55585754,0.43711248,1.0034528
2_990,0.43183538,0.38997257,0.40933362,0.38968813,0.5862336
2_991,0.86379004,0.4127909,0.4554682,0.4219433,0.37172148
2_992,0.45451644,0.5285713,0.72820437,0.61477953,0.92683655
2_993,0.3613426,0.2800548,0.3427376,0.35924464,0.5344441
2_994,0.2601263,0.17870586,0.189587,0.13629714,0.262232
2_995,0.3681684,0.43936715,0.34962133,0.38949782,0.43128955
2_996,0.44927123,0.29723123,0.19862108,0.26439005,0.24947262
2_997,0.25803322,0.22520319,0.2688952,0.18135536,0.34867632
2_998,0.36167243,0.20485736,0.18285257,0.12318952,0.20789778
2_999,0.18801454,0.24793711,0.27626997,0.20767148,0.28242013
2_1000,0.22258389,0.34649286,0.50473547,0.40522337,0.4896094
2_1001,0.3577475,0.23037994,0.22802426,0.24845849,0.39589337
2_1002,0.6030088,0.48192936,0.38778394,0.46686828,0.49076724
2_1003,0.3792233,0.5320134,0.45598042,0.31519142,0.3957575
2_1004,0.39578867,0.58460164,0.43558508,0.43744776,0.40447485
2_1005,0.39565128,0.3101221,0.27303165,0.27776545,0.26732028
2_1006,0.10008308,0.2512654,0.217622,0.19315901,0.2618628
2_1007,0.2349174,0.22827826,0.17869158,0.1630683,0.21783851
2_1008,0.44762534,0.34574822,0.18266013,0.1517697,0.1493114
2_1009,0.18549617,0.2289451,0.21663183,0.13904871,0.21428193
2_1010,0.15859514,0.2892719,0.21843265,0.17044362,0.20986131
2_1011,0.23825285,0.37423116,0.2829271,0.27184844,0.28042758
2_1012,0.18470469,0.23386957,0.13764626,0.12705582,0.08382725
2_1013,0.22172394,0.43984437,0.44001704,0.20505852,0.30435717
2_1014,0.120213374,0.2682562,0.2482726,0.11673483,0.17312008
2_1015,0.06692892,0.27816048,0.20575035,0.19214827,0.175544
2_1016,0.13382453,0.26709145,0.24712788,0.22661164,0.27149135
2_1017,0.23762034,0.2169405,0.14240581,0.119942054,0.14663753
2_1018,0.22103526,0.26172024,0.27206457,0.12229216,0.2965264
2_1019,0.149604,0.19542709,0.14923023,0.116803825,0.14806554
2_1020,0.2871834,0.25364774,0.17344323,0.13950887,0.1977227
2_1021,0.20892581,0.26056057,0.21074587,0.19793974,0.19596203
2_1022,0.2217074,0.32755813,0.15154585,0.15054365,0.087381035
2_1023,0.20300853,0.53660357,0.40153453,0.25331157,0.342144
2_1024,0.2815699,0.28359154,0.18526071,0.13815953,0.12414322
2_1025,0.16799779,0.40580243,0.38636684,0.22469841,0.35251367
2_1026,0.34311038,0.54942787,0.57469296,0.37053394,0.61217606
2_1027,0.54033554,0.6482506,0.55813146,0.46305567,0.49464688
2_1028,0.45766863,0.42319226,0.3608528,0.2585898,0.24215452
2_1029,0.41909945,0.49193546,0.5811034,0.35153908,0.43502116
2_1030,0.43834406,0.2718774,0.47639716,0.25665456,0.4731591
2_1031,0.40304077,0.32129827,0.42886418,0.28463984,0.43746412
2_1032,0.26181734,0.39668715,0.35139412,0.2960903,0.32661116
2_1033,0.3125557,0.40416953,0.3051789,0.36078638,0.37644535
2_1034,0.289093,0.14217314,0.21845147,0.09792426,0.30541807
2_1035,0.36306778,0.30824226,0.19652285,0.21664332,0.21306229
2_1036,0.32315153,0.3509329,0.31429654,0.26956195,0.35808083
2_1037,0.5449394,0.3685038,0.28246224,0.24705012,0.47134364
2_1038,0.46582705,0.30384547,0.2307057,0.18095934,0.2642523
2_1039,0.37054855,0.3668224,0.25032085,0.18281354,0.19622189
2_1040,0.24306831,0.31284213,0.17181784,0.07148937,0.13302663
2_1041,0.19262503,0.23360732,0.12516673,0.08878358,0.09985885
2_1042,0.253227,0.23970288,0.2676666,0.09979059,0.33153918
2_1043,0.5873436,0.4664485,0.31522632,0.23399287,0.28260908
2_1044,0.23860483,0.35792172,0.3705296,0.23509766,0.34297773
2_1045,0.23539382,0.29727048,0.18151103,0.21686281,0.24008623
2_1046,0.26962453,0.5569147,0.33073205,0.3035887,0.39903912
2_1047,0.14124927,0.32079214,0.31363556,0.27301356,0.2758674
2_1048,0.13283414,0.26467615,0.14352706,0.18672314,0.110434175
2_1049,0.23412424,0.35687056,0.28487003,0.2616985,0.29564223
2_1050,0.17353901,0.29281515,0.16440158,0.2182521,0.16117436
2_1051,0.18712075,0.3030597,0.17489147,0.1907748,0.1550664
2_1052,0.2803639,0.30332103,0.19155501,0.25177252,0.17793411
2_1053,0.22405988,0.35679144,0.25662166,0.21890998,0.21283546
2_1054,0.49779132,0.4849084,0.38208944,0.4133023,0.380625
2_1055,0.30930376,0.37254798,0.32424796,0.29823163,0.28533322
2_1056,0.37322092,0.7742946,0.51598215,0.67227113,0.49091232
2_1057,0.6116086,0.42809296,0.54472804,0.32990134,0.5883806
2_1058,0.3369128,0.4233898,0.28009376,0.33115262,0.43242437
2_1059,0.23441046,0.28884485,0.24070717,0.24291798,0.24777266
2_1060,0.26572216,0.32380617,0.20245187,0.28680682,0.2565574
2_1061,0.51797104,0.3824553,0.27585602,0.3784792,0.30214816
2_1062,0.2802538,0.31388932,0.36198705,0.3074449,0.42472708
2_1063,0.37815,0.3449785,0.27048945,0.27158916,0.2634108
2_1064,0.29390585,0.2167805,0.15933982,0.20590684,0.15121265
2_1065,0.33924723,0.30311963,0.43001252,0.22600688,0.46348953
2_1066,0.80647385,0.45217675,0.31066385,0.36893326,0.30992973
2_1067,0.43084407,0.46008763,0.5234536,0.36950907,0.54552734
2_1068,0.43480402,0.5050182,0.45912403,0.4726503,0.42546982
2_1069,0.4126141,0.5016139,0.4141218,0.31984338,0.3395361
2_1070,0.6325501,0.66531026,0.7108552,0.4602269,0.71225786
2_1071,0.5225065,0.3621478,0.22009104,0.20468351,0.19123632
2_1072,0.16810617,0.3431419,0.29258797,0.26465198,0.269198
2_1073,0.1468088,0.32027125,0.22646107,0.23534964,0.17337847
2_1074,0.35289916,0.30409306,0.24266039,0.21321413,0.20589471
2_1075,0.2346473,0.39407384,0.37895614,0.20578936,0.23441929
2_1076,0.11611691,0.27227643,0.21754445,0.19200195,0.15098196
2_1077,0.24956079,0.26231676,0.2790789,0.22956486,0.29101017
2_1078,0.40304157,0.31720573,0.25399372,0.22994854,0.22828594
2_1079,0.23932034,0.30552664,0.26393962,0.22201659,0.21752301
2_1080,0.11787544,0.20185076,0.19166102,0.1474939,0.14893815
2_1081,0.286727,0.262016,0.21069527,0.2269179,0.2086668
2_1082,0.20560864,0.25523335,0.30998948,0.1275219,0.2556786
2_1083,0.17250393,0.25578564,0.18676151,0.17578423,0.14216381
2_1084,0.1879586,0.3236521,0.21422999,0.23176934,0.20201361
2_1085,0.22079629,0.23946175,0.16730115,0.16497928,0.17676961
2_1086,0.30410698,0.31640244,0.22876295,0.19786915,0.22117896
2_1087,0.1465556,0.24446636,0.16575795,0.13511519,0.16030996
2_1088,0.1617215,0.3372743,0.40058255,0.24985448,0.35281873
2_1089,0.4966272,0.467564,0.4227512,0.29359752,0.254246
2_1090,0.35265028,0.46848726,0.5422227,0.3147908,0.49645412
2_1091,0.38447407,0.53476024,0.38897425,0.44387364,0.46288687
2_1092,0.21438205,0.33786064,0.2532972,0.3559063,0.3173921
2_1093,0.33717406,0.29449326,0.30006975,0.27822274,0.2793753
2_1094,0.7830943,0.6878623,0.5374353,0.523828,0.5835105
2_1095,0.48257434,0.5691937,0.5935918,0.48283643,0.6616362
2_1096,1.2061393,0.9136332,1.231606,0.98692596,1.2075951
2_1097,0.848735,1.0276238,1.1106175,1.0481163,1.0691861
2_1098,0.7763537,0.7574068,0.68552166,0.83049464,0.6190311
2_1099,0.5417602,0.729463,1.0685359,0.7513387,0.86949587
2_1100,0.68671465,0.9555087,1.191129,0.99642974,0.883498
2_1101,0.3142679,0.35803622,0.41782093,0.25513086,0.3075313
2_1102,0.29844114,0.4886865,0.3804099,0.36055353,0.37030298
2_1103,0.39556998,0.3870198,0.34836677,0.33508694,0.374207
2_1104,0.28153557,0.51572204,0.48887408,0.45429134,0.53734136
2_1105,0.21406256,0.23320639,0.18723916,0.1480215,0.18078783
2_1106,0.54212976,0.36270374,0.37575912,0.24871364,0.5345362
2_1107,0.49591133,0.3432275,0.28377625,0.28496337,0.31980515
2_1108,0.17523843,0.2591341,0.22199136,0.22962257,0.23605935
2_1109,0.16441068,0.22076146,0.17182164,0.20062822,0.26509818
2_1110,0.20843868,0.371302,0.25859427,0.25927162,0.3080119
2_1111,0.2631125,0.25509024,0.40031928,0.28503072,0.41156894
2_1112,0.3217153,0.38850594,0.3394927,0.2989591,0.40423486
2_1113,0.30546874,0.2965562,0.23726444,0.2473431,0.25785324
2_1114,0.12944469,0.42350394,0.38385183,0.31923532,0.4477708
2_1115,0.2734144,0.2740697,0.2603128,0.1942565,0.2587296
2_1116,0.34279996,0.33548886,0.22011894,0.1561398,0.2178052
2_1117,0.15048698,0.28954804,0.25740993,0.17337987,0.17963083
2_1118,0.14146867,0.2069879,0.16713628,0.16139111,0.1833969
2_1119,0.41491035,0.43174517,0.3585997,0.30437487,0.4191963
2_1120,0.22191057,0.3526231,0.2309767,0.31022906,0.26322198
2_1121,0.16873719,0.25195503,0.23368126,0.17951426,0.21657142
2_1122,0.23409238,0.15364432,0.12762831,0.116029926,0.19486707
2_1123,0.45409018,0.34228075,0.27663982,0.2576287,0.3110848
2_1124,0.43170768,0.42085972,0.35938412,0.41833472,0.42434284
2_1125,0.19076997,0.19996065,0.1523928,0.14386255,0.12308022
2_1126,0.17503029,0.23156147,0.19383219,0.20809361,0.22274408
2_1127,0.21912636,0.26152134,0.1825136,0.20284873,0.21069577
2_1128,0.24541052,0.26911718,0.27787536,0.27927992,0.40810162
2_1129,0.20256919,0.24835189,0.24688876,0.1653926,0.34242663
2_1130,0.35231185,0.3713892,0.36444062,0.27473027,0.43814093
2_1131,1.4123423,0.73361874,1.0447624,0.5793354,0.98286307
2_1132,0.83063304,0.57783246,0.5836163,0.44783103,0.5722995
2_1133,0.38548273,0.44348973,0.498169,0.3525311,0.4184484
2_1134,0.3089962,0.694683,0.6060144,0.50467396,0.5189485
2_1135,0.2524178,0.43173122,0.4314953,0.3256688,0.34590656
2_1136,0.29788506,0.50867033,0.34654328,0.34957743,0.36567113
2_1137,0.25773054,0.3385809,0.29954702,0.29647756,0.37825593
2_1138,0.22121271,0.28046483,0.18875183,0.21594317,0.17587996
2_1139,0.8553057,0.5757885,0.36153477,0.39055854,0.41512108
2_1140,0.42246032,0.40035358,0.37872678,0.29629713,0.42190722
2_1141,0.3249172,0.24964185,0.12525758,0.15278146,0.09668438
2_1142,0.2765436,0.45773733,0.35773098,0.3433506,0.3901034
2_1143,0.4227308,0.350593,0.2082885,0.22088912,0.19205555
2_1144,0.31084985,0.6409585,0.4199469,0.45567992,0.41444844
2_1145,0.27459085,0.24610706,0.1791775,0.17333639,0.11637157
2_1146,0.29211688,0.33091205,0.35999656,0.20971993,0.31366968
2_1147,0.53306735,0.3569135,0.25383738,0.2473948,0.2523838
2_1148,0.14888859,0.2830819,0.34367007,0.19150332,0.3168821
2_1149,0.13609514,0.3362373,0.37870347,0.28289878,0.32592767
2_1150,0.24103275,0.3321771,0.3713178,0.18963557,0.32844985
2_1151,0.37067035,0.37240613,0.30591214,0.25174302,0.2979195
2_1152,0.19642201,0.2630269,0.32046884,0.22571936,0.37427077
2_1153,0.13477403,0.3373711,0.30069214,0.22408757,0.2712223
2_1154,0.14424796,0.32208323,0.30658445,0.17856425,0.22036438
2_1155,0.23642218,0.543131,0.365929,0.29182214,0.35596353
2_1156,0.24859741,0.26612929,0.20808434,0.19556735,0.19931325
2_1157,0.20698515,0.32252502,0.29407927,0.16397259,0.2840672
2_1158,0.2296841,0.25311863,0.11019137,0.109224185,0.057962522
2_1159,0.23350994,0.27808896,0.25903735,0.16996008,0.31865716
2_1160,0.34644762,0.2942603,0.2302039,0.21833174,0.21563801
2_1161,0.21837685,0.29512358,0.37503505,0.21329513,0.40122753
2_1162,0.20506,0.18678986,0.16906577,0.1151419,0.12281346
2_1163,0.37285382,0.41781023,0.48281342,0.2728513,0.5119798
2_1164,0.44698146,0.40468502,0.3380502,0.24048814,0.35492775
2_1165,0.29380774,0.36890733,0.5494515,0.274962,0.37886572
2_1166,0.18878579,0.5704527,0.6482132,0.4267343,0.4945674
2_1167,0.22249079,0.34883493,0.45799214,0.2192355,0.33371514
2_1168,0.24603552,0.44456178,0.7359743,0.32741776,0.48786893
2_1169,0.21034732,0.24272907,0.25957477,0.18292245,0.16214046
2_1170,0.23469265,0.2797694,0.3935809,0.24118042,0.38087463
2_1171,0.68489254,0.4912561,0.47040275,0.38612154,0.42921177
2_1172,0.55792046,0.35072798,0.64379907,0.26901394,0.48417303
2_1173,0.8963806,1.0152178,1.280838,0.7883868,0.94665635
2_1174,0.59900135,0.7822164,0.764896,0.4912708,0.60396445
2_1175,0.738344,0.6390602,0.8145967,0.64657843,0.6510268
2_1176,0.7774254,1.1044346,1.5101317,1.0015385,0.868255
2_1177,0.3186943,0.5321908,0.5643375,0.3279633,0.40539366
2_1178,0.29384887,0.8175809,0.8051598,0.6359026,0.67159855
2_1179,0.61087626,0.31475008,0.390584,0.23763248,0.35328168
2_1180,0.42022908,0.29075187,0.27611274,0.19440997,0.24802522
2_1181,0.20518133,0.38679636,0.5211964,0.13215837,0.40000546
2_1182,0.17643014,0.26072693,0.27248025,0.17776027,0.25176108
2_1183,0.25205383,0.45278412,0.4525739,0.25251633,0.28735834
2_1184,0.15625934,0.43070796,0.30919325,0.27342913,0.21838029
2_1185,0.27022192,0.56709445,0.8074026,0.43722928,0.5609064
2_1186,0.22346544,0.25439304,0.3142671,0.18862101,0.21654508
2_1187,0.7588587,0.9012507,1.0683112,0.90342116,0.9468601
2_1188,0.8193245,0.301328,0.5669796,0.3855567,0.58056206
2_1189,0.97401476,0.28042525,0.38014,0.30220732,0.39586723
2_1190,1.3579274,0.8896059,1.5187331,0.91943586,1.1054015
2_1191,0.45586818,0.6875099,0.7598703,0.52158695,0.5144634
2_1192,0.13337879,0.33256507,0.3940386,0.30495298,0.37282526
2_1193,0.16154367,0.36760813,0.4258517,0.28121883,0.40917248
2_1194,0.4809751,0.92880607,1.2675182,0.7307868,0.8801135
2_1195,0.89652026,1.1915529,1.6332372,1.2156016,1.4058235
2_1196,0.33376265,0.5739491,0.75016236,0.5960209,0.7874954
2_1197,0.50113213,0.52264243,0.8912364,0.5587364,0.4940118
2_1198,0.5212987,1.0250579,1.3343492,0.96097267,1.0889772
2_1199,0.44494897,0.42703167,0.65460896,0.53273076,0.68708694
2_1200,0.3028661,0.37637162,0.5145464,0.48942843,0.6059423
2_1201,0.4753951,0.5222962,0.47599322,0.42349762,0.54133385
2_1202,0.5537339,0.27852494,0.5767588,0.22026184,0.5445743
2_1203,0.62290394,0.28619885,0.33371013,0.2792284,0.4317922
2_1204,0.34467465,0.6377391,1.2365025,0.6576706,1.0165728
2_1205,0.28767633,0.6811541,1.0532786,0.51886547,0.50043505
2_1206,0.3717804,0.65469325,1.288229,0.79640484,0.7961221
2_1207,0.5592599,0.5965569,0.80034363,0.7469431,0.75158316
2_1208,0.22645023,0.16663994,0.15373382,0.1088417,0.14184143
2_1209,0.14001712,0.29962024,0.2795207,0.23919736,0.35440266
2_1210,0.3646809,0.541499,0.57760817,0.62128097,0.58399063
2_1211,0.40595007,0.2446707,0.32413447,0.25010443,0.5729323
2_1212,0.44760656,0.2975062,0.37780988,0.2535254,0.47496524
2_1213,0.3575493,0.35739392,0.35598546,0.30658707,0.36939424
2_1214,0.17796832,0.48696706,0.6094036,0.50512505,0.7020815
2_1215,0.33674014,0.63408893,0.5370199,0.4248217,0.38643825
2_1216,0.23228192,0.45720434,0.5719296,0.33181316,0.5160308
2_1217,0.47188905,0.35855877,0.6946636,0.22586149,0.61712193
2_1218,0.3809091,0.31840858,0.3410672,0.2452093,0.28415823
2_1219,0.13334832,0.21431936,0.2323552,0.18350147,0.19174808
2_1220,0.18906389,0.24714151,0.33684242,0.16480899,0.3153594
2_1221,0.57739675,0.978209,1.7577424,0.6351528,1.2931311
2_1222,0.6431241,1.071032,2.1202993,0.9668014,1.1145194
2_1223,0.4213236,0.85633636,1.1963603,0.71414244,0.67122173
2_1224,0.374344,0.40872276,0.47237062,0.36694545,0.40377086
2_1225,0.57696134,0.5865618,0.6184927,0.5470286,0.5880391
2_1226,0.80916035,0.6849366,0.8842618,0.5254756,0.79168487
2_1227,0.49712044,0.50603956,0.6924054,0.5800718,0.70005643
2_1228,0.3026474,0.53739667,0.94284767,0.75257826,1.1517601
2_1229,0.6066143,0.7443665,0.7943147,0.6913484,0.6718923
2_1230,0.75460076,0.79433656,1.2553165,0.793452,1.0350888
2_1231,0.9750963,0.9954548,1.0816706,1.0541079,1.0774398
2_1232,0.8645345,0.74318326,0.9056962,0.8625872,0.89573026
2_1233,0.7490778,0.71572924,0.79087174,0.6560391,0.6789684
2_1234,0.6307082,0.42615312,0.5255762,0.7558047,0.8778756
2_1235,0.6347792,0.3325764,0.5492898,0.55509734,0.7353538
2_1236,0.57144856,0.2902404,0.26078308,0.35031307,0.5660408
2_1237,0.7681606,0.50488275,0.437778,0.6985036,0.8984041
2_1238,0.68527794,1.1258953,1.6047666,1.0948575,1.4500897
2_1239,0.65731704,0.28325665,0.3218034,0.33404422,0.48159155
2_1240,0.64327633,0.37974578,0.31404686,0.43349805,0.65946025
2_1241,0.46512413,0.2846182,0.2761135,0.3417119,0.55658305
2_1242,0.39079574,0.21391216,0.25207508,0.23997879,0.34914732
2_1243,0.37121958,0.61468315,0.5389817,0.5398364,0.53406334
2_1244,0.27778178,0.2455234,0.36572903,0.2831557,0.3465871
2_1245,0.5539322,0.2677248,0.4698741,0.19393148,0.38809708
2_1246,0.37551522,0.41051662,0.43017936,0.22852236,0.2715175
2_1247,0.11306712,0.26887536,0.33664042,0.21692547,0.26204875
2_1248,0.14076442,0.4859461,0.6118148,0.5147664,0.6378381
2_1249,0.28462604,0.82537735,0.9898106,0.6339123,0.6887845
2_1250,0.35843548,0.99044585,1.3777912,0.9712316,0.9563948
2_1251,0.23523553,0.5885986,0.70687747,0.5135608,0.488782
2_1252,0.67514956,0.67005736,0.59457666,0.64779854,0.52833927
2_1253,0.54224586,0.35501164,0.33519334,0.2526042,0.32355562
2_1254,0.79877126,0.47448057,0.6231519,0.40293872,0.48760468
2_1255,0.31024733,0.32920364,0.51093644,0.17682941,0.46417487
2_1256,0.5290402,0.16434833,0.17126632,0.15424058,0.26474896
2_1257,0.31247985,0.38960183,0.74164605,0.41057926,0.66481394
2_1258,0.46608853,0.050086796,0.2672757,0.11468181,0.37623373
2_1259,0.8684747,0.5674138,0.64112234,0.53065765,0.6291695
3_0,0.48603892,0.561757,0.7006644,0.4667595,0.5490426
3_1,0.19733876,0.26904392,0.24793094,0.15067008,0.12719287
3_2,0.40266484,0.37337756,0.35750848,0.21530804,0.31759515
3_3,0.24251485,0.34867597,0.28573632,0.26948732,0.26718783
3_4,0.33823168,0.44611573,0.3157665,0.29973656,0.27828145
3_5,0.21536864,0.30030724,0.26298517,0.2795165,0.27411067
3_6,0.29625028,0.37507364,0.45820773,0.37388837,0.43483162
3_7,0.6459641,0.31237677,0.38644016,0.26055762,0.52770174
3_8,0.7858363,0.63991654,0.6786309,0.66303253,0.70597756
3_9,0.30079836,0.5477953,0.42297518,0.31976834,0.30402392
3_10,0.25888562,0.4955771,0.40625286,0.35021326,0.38020083
3_11,0.31447035,0.33939916,0.21370587,0.1744383,0.16640563
3_12,0.18724766,0.35320958,0.29178125,0.17576241,0.26607698
3_13,0.23631075,0.31772947,0.23319091,0.17411889,0.22329962
3_14,0.1855183,0.26452255,0.21888858,0.20758933,0.21892197
3_15,0.3216201,0.34295076,0.3311903,0.19227561,0.29660317
3_16,0.33310786,0.41786563,0.16195485,0.20335877,0.20181209
3_17,0.2891143,0.33585972,0.33509266,0.19606069,0.2885322
3_18,0.39723158,0.34035605,0.26075417,0.25837612,0.24956262
3_19,0.291345,0.36627597,0.3318321,0.22927785,0.30466777
3_20,0.18975237,0.42075303,0.34119874,0.26107985,0.36417466
3_21,0.34774557,0.46726966,0.33649766,0.27430993,0.29370105
3_22,0.3338857,0.4081983,0.33257228,0.23005995,0.39756233
3_23,0.6509876,0.46968585,0.25920093,0.22038794,0.24965426
3_24,0.3257171,0.34926605,0.2867332,0.27162156,0.24481535
3_25,0.31251073,0.28956875,0.2378477,0.25170964,0.30604133
3_26,0.71752894,0.69056857,0.5384713,0.62694335,0.7508944
3_27,0.37721193,0.40074652,0.39239657,0.23517238,0.34384978
3_28,0.5020517,0.55952024,0.45951658,0.43940306,0.47967446
3_29,0.24840327,0.35142574,0.37112522,0.28374583,0.3351764
3_30,0.24550131,0.2821464,0.2685877,0.24052459,0.2431835
3_31,0.36216426,0.3260315,0.44550723,0.3538834,0.5318045
3_32,0.43873394,0.40196463,0.33982295,0.23898315,0.31216043
3_33,0.26367486,0.30961066,0.3158681,0.29057485,0.3891489
3_34,0.32042903,0.44915366,0.35691586,0.42599195,0.4985385
3_35,1.006703,0.774149,0.6287522,0.5353384,0.62145436
3_36,0.829182,0.50696635,0.35787112,0.37120554,0.41993907
3_37,0.3623702,0.43497038,0.26166028,0.31254095,0.3267519
3_38,0.22296765,0.29730844,0.36332828,0.15345801,0.39186198
3_39,0.23907828,0.48833483,0.38990808,0.23144689,0.26371488
3_40,0.42355615,0.43056685,0.3765456,0.26816088,0.38394552
3_41,0.5185882,0.4076895,0.21749336,0.1532709,0.24295413
3_42,0.27026618,0.30389148,0.22574738,0.16420233,0.23661295
3_43,0.36140174,0.3924076,0.25139767,0.27631578,0.2981258
3_44,0.4505541,0.5160847,0.33325893,0.30604407,0.38038015
3_45,0.5523893,0.36192083,0.26833147,0.18074891,0.21589437
3_46,0.8647113,0.85674655,0.8408742,0.7566627,0.96988606
3_47,0.5948014,0.40202963,0.39152896,0.28033677,0.45694944
3_48,0.49215618,0.3533386,0.26864374,0.27659234,0.3553439
3_49,0.18673983,0.37191957,0.30078316,0.3362659,0.39334762
3_50,0.3869872,0.4115879,0.3705858,0.28843012,0.4547576
3_51,0.40185106,0.46252662,0.38570493,0.27988398,0.3316421
3_52,0.2342616,0.35188118,0.4299602,0.22480032,0.51689756
3_53,0.2580924,0.39561075,0.36046305,0.2651393,0.2852443
3_54,0.3160784,0.3333705,0.24453971,0.21268836,0.26943803
3_55,0.28657734,0.4206838,0.32764745,0.3080641,0.41846436
3_56,0.5499179,0.27954316,0.18854254,0.16608629,0.22399372
3_57,0.30560148,0.2352245,0.2267516,0.24307173,0.4806017
3_58,0.5507747,0.5201986,0.43183976,0.3553607,0.46709356
3_59,0.35098118,0.47362876,0.5998188,0.32390642,0.619148
3_60,0.39867365,0.6512201,0.47606707,0.4193063,0.52254164
3_61,0.44733107,0.50636053,0.46285272,0.3293796,0.47625396
3_62,0.64944,0.43160504,0.49205738,0.34283698,0.5303515
3_63,0.4870987,0.49237114,0.26162893,0.34994787,0.32539326
3_64,0.79973614,1.1994317,0.90045714,0.7536316,0.9206082
3_65,0.5168158,0.58586395,0.53277516,0.41098726,0.60158604
3_66,0.3445876,0.506116,0.22126734,0.35277766,0.23917527
3_67,0.249533,0.31098005,0.402955,0.3152982,0.45239478
3_68,0.4258324,0.38446328,0.27028626,0.19023673,0.18434256
3_69,0.3020138,0.38973045,0.25969082,0.18714352,0.2573896
3_70,0.35414404,0.36001146,0.23412018,0.25502813,0.20168865
3_71,0.37170368,0.46443802,0.34869006,0.38127404,0.36441052
3_72,0.21598926,0.25126082,0.13144755,0.14861147,0.11698991
3_73,0.53216517,0.53406966,0.35746866,0.3150453,0.27076986
3_74,0.45551902,0.40370005,0.5718869,0.2579472,0.46837437
3_75,0.2963516,0.41501808,0.3227619,0.18270856,0.22184047
3_76,0.23572339,0.35627452,0.4154572,0.2878638,0.38663167
3_77,0.15848531,0.5639173,0.5907892,0.5243372,0.40628812
3_78,0.2030963,0.3872138,0.4172353,0.26330388,0.26038817
3_79,0.25511253,0.47960627,0.3190183,0.34054115,0.3400628
3_80,0.29888323,0.34500697,0.23216295,0.18629353,0.28460893
3_81,0.4523516,0.34733355,0.24794067,0.22385272,0.21768475
3_82,0.16197036,0.36371917,0.29178485,0.2756992,0.3400032
3_83,0.14663789,0.280658,0.31231427,0.23765258,0.27537405
3_84,0.41254947,0.27590328,0.32381088,0.24779952,0.44841802
3_85,0.26106405,0.30666533,0.25255638,0.22123516,0.2950809
3_86,0.14694074,0.26057136,0.24657056,0.16484249,0.2178522
3_87,0.24312428,0.22942276,0.15958029,0.13617523,0.1683722
3_88,0.35897726,0.31903213,0.20763569,0.1740282,0.16699685
3_89,0.21899816,0.29007566,0.25339103,0.21168001,0.3097902
3_90,0.2278896,0.21942402,0.1530633,0.18759695,0.11432679
3_91,0.22308053,0.31079084,0.3122149,0.2468359,0.23613209
3_92,0.52697027,0.36017576,0.24396805,0.32680184,0.326251
3_93,0.14489095,0.27781302,0.18407872,0.19056097,0.25458696
3_94,0.19133389,0.21975163,0.20680812,0.14165233,0.15423745
3_95,0.19449742,0.3750548,0.2671999,0.25019553,0.25370017
3_96,0.22403294,0.41690856,0.30164748,0.32591382,0.2755413
3_97,0.23917785,0.40717867,0.2903608,0.30782634,0.24439682
3_98,0.397424,0.36307976,0.21560293,0.2765763,0.19852692
3_99,0.33868408,0.29461268,0.2676583,0.21336553,0.24069399
3_100,0.20271686,0.2638229,0.24465811,0.18717247,0.2943657
3_101,0.15710792,0.29363063,0.29330426,0.13395834,0.32138038
3_102,0.20294636,0.35806394,0.23217279,0.15999234,0.23750806
3_103,0.24475373,0.2465702,0.25373706,0.1429675,0.34982777
3_104,0.25338447,0.18002358,0.117354535,0.05164182,0.26108795
3_105,0.48522574,0.46842998,0.2526763,0.2425531,0.3910131
3_106,0.20003092,0.4529903,0.320832,0.3193211,0.3916561
3_107,0.49360526,0.56336427,0.4815358,0.3406616,0.49103543
3_108,0.5405123,0.37312025,0.30003595,0.31128722,0.378496
3_109,0.15105069,0.23899667,0.25589263,0.22083354,0.29073825
3_110,0.23695755,0.32257617,0.22885644,0.17156103,0.1992889
3_111,0.2864536,0.27905047,0.18138593,0.16272491,0.20343335
3_112,0.20617396,0.2773666,0.25177467,0.1652013,0.24386121
3_113,0.17565517,0.27389115,0.15379646,0.11221954,0.13562068
3_114,0.17610155,0.26042333,0.1841647,0.16474034,0.16655605
3_115,0.20832604,0.26013052,0.20088997,0.18413287,0.20955876
3_116,0.28606552,0.36062202,0.19492239,0.17242523,0.1931617
3_117,0.33275354,0.28111887,0.20803839,0.1185977,0.18632978
3_118,0.10137628,0.34839746,0.25270972,0.23691541,0.24638546
3_119,0.17015535,0.3401674,0.299394,0.2173334,0.30048564
3_120,0.37009484,0.52213085,0.4710313,0.238763,0.44542745
3_121,0.20293291,0.30289644,0.3246184,0.18730378,0.3853234
3_122,0.22681285,0.35432506,0.30998552,0.2512007,0.28135842
3_123,0.2934958,0.58470064,0.39559856,0.27914745,0.36267677
3_124,0.5606214,0.64868796,0.4227507,0.37411535,0.37237883
3_125,0.3859381,0.53605384,0.46527714,0.4062047,0.49710304
3_126,0.29510835,0.5403288,0.40519452,0.3572069,0.31098825
3_127,0.446193,0.52520776,0.44749403,0.5212915,0.47673798
3_128,0.40553772,0.38921317,0.35748082,0.3264314,0.38635254
3_129,0.44474953,0.34809846,0.18901023,0.2174933,0.15980224
3_130,0.51582146,0.39295053,0.27199855,0.33702457,0.37781104
3_131,0.29558396,0.352229,0.2660523,0.30947784,0.31223738
3_132,0.28959054,0.4001149,0.32682386,0.27017748,0.3192789
3_133,0.27971056,0.25116158,0.25849968,0.18481871,0.27582532
3_134,0.39992422,0.29123756,0.36952555,0.20088424,0.24678734
3_135,0.16344616,0.2253863,0.18529132,0.19766949,0.20108607
3_136,0.17054099,0.20855999,0.23778325,0.20012012,0.23861021
3_137,0.33026695,0.47306526,0.34729564,0.22860837,0.26511097
3_138,0.41452387,0.41845697,0.32869583,0.24090698,0.30915466
3_139,0.4071628,0.35671026,0.44439936,0.23476654,0.44570076
3_140,0.682583,0.4366743,0.37823534,0.22829816,0.41314045
3_141,0.26237297,0.32354492,0.32454962,0.2887064,0.3468309
3_142,0.31117773,0.30553654,0.3359291,0.29818195,0.39312512
3_143,0.71307373,0.4429103,0.596682,0.38997644,0.469774
3_144,0.39212292,0.27942201,0.34360647,0.17983875,0.33097678
3_145,0.37064362,0.39164007,0.47699085,0.27107614,0.3822718
3_146,0.53048193,0.51169455,0.45871848,0.2446334,0.37111077
3_147,0.12692124,0.28886452,0.27963555,0.1727038,0.2779442
3_148,0.12031901,0.2721616,0.19357885,0.17052642,0.15322404
3_149,0.2491664,0.24845353,0.22932267,0.17425106,0.37280047
3_150,0.5090672,0.33972728,0.28859627,0.19475394,0.31228554
3_151,0.32340425,0.40604192,0.35590577,0.24648644,0.51338685
3_152,0.37351313,0.69261473,0.3073001,0.31922132,0.3101129
3_153,0.31626022,0.5035214,0.47368133,0.37202558,0.48512143
3_154,0.2609709,0.46079862,0.45195335,0.45286393,0.44383666
3_155,0.44523686,0.42420357,0.26718947,0.27490342,0.25610954
3_156,0.4717563,0.49765998,0.41681302,0.3218637,0.4365943
3_157,0.25643814,0.2683926,0.23558949,0.22042389,0.28369987
3_158,0.25567365,0.21124747,0.25191498,0.16024546,0.33336416
3_159,0.46380183,0.453862,0.36211342,0.28940952,0.32667866
3_160,0.47327858,0.36663795,0.44386345,0.24238437,0.64862335
3_161,1.1439649,0.574228,0.60310835,0.46497422,0.5833332
3_162,0.5071106,0.41114953,0.38782322,0.24323857,0.3717037
3_163,0.58196414,0.43325627,0.2145357,0.2671827,0.2607111
3_164,0.33267158,0.29837257,0.2558558,0.24714912,0.3439679
3_165,0.44069296,0.3301635,0.19188467,0.26671088,0.24161434
3_166,0.21108499,0.38800532,0.33317837,0.26279074,0.4319308
3_167,0.41334534,0.30241776,0.3539976,0.2965155,0.38380927
3_168,0.14625755,0.2817049,0.28080422,0.21768478,0.29501548
3_169,0.22479983,0.31403595,0.33790708,0.2581979,0.33398658
3_170,0.5299969,0.34498814,0.24282783,0.26806158,0.2762888
3_171,0.16781856,0.371789,0.31805328,0.23273955,0.29700214
3_172,0.1281671,0.35307306,0.2909724,0.28924856,0.2741624
3_173,0.15623969,0.30872652,0.37906438,0.23212762,0.39091647
3_174,0.3940311,0.36267158,0.32128114,0.18709555,0.36770618
3_175,0.35860074,0.49647167,0.5410232,0.30997235,0.50505054
3_176,0.38171276,0.6222482,0.4647232,0.33826572,0.31968474
3_177,0.32072258,0.5696141,0.42532617,0.3672173,0.41288954
3_178,0.19401303,0.46477124,0.49237597,0.4492934,0.5366043
3_179,0.32672498,0.51094955,0.48927534,0.39787686,0.40191877
3_180,0.39216912,0.59860206,0.58277136,0.35573512,0.50985277
3_181,0.18475276,0.2998429,0.2816232,0.24827245,0.2931987
3_182,0.17488962,0.23321782,0.21274139,0.20194742,0.17902946
3_183,0.14394146,0.30252093,0.14736998,0.2096807,0.16061236
3_184,0.2541614,0.53482777,0.26618823,0.37164026,0.272193
3_185,0.4100377,0.36465585,0.31883106,0.33320647,0.3280155
3_186,0.46725547,0.47981,0.3900649,0.26985207,0.33920872
3_187,0.5370012,0.6045549,0.5858984,0.47986078,0.46705666
3_188,0.7756592,0.64987504,0.6284716,0.5677476,0.58897054
3_189,1.0314629,0.60498667,0.39989543,0.3053775,0.2776666
3_190,0.14048052,0.23478839,0.17032178,0.12141298,0.13139252
3_191,0.17737192,0.21950287,0.15303178,0.13220522,0.096072465
3_192,0.17217691,0.27045667,0.19302234,0.21070641,0.16508733
3_193,0.1831004,0.20401478,0.18201116,0.18244988,0.243655
3_194,0.23074801,0.2316243,0.17366222,0.14096053,0.10861479
3_195,0.2272077,0.39439797,0.23595995,0.29368138,0.28080666
3_196,0.39968786,0.3643667,0.3396763,0.28953934,0.39738423
3_197,0.32181197,0.23493552,0.15975517,0.2325776,0.34099108
3_198,0.44494158,0.28463382,0.29110527,0.28633147,0.43592393
3_199,0.28136092,0.3274563,0.3273107,0.31291723,0.41397256
3_200,0.43343586,0.2415887,0.21854283,0.18738227,0.2583472
3_201,0.547715,0.36701563,0.3894801,0.2817387,0.5324791
3_202,0.6511044,0.5024166,0.33803862,0.26864886,0.44313613
3_203,0.53782773,0.60092515,0.40752828,0.3769005,0.47636244
3_204,0.5622884,0.5531976,0.48949885,0.44280088,0.50749475
3_205,0.344421,0.42248604,0.3042699,0.37689698,0.43053353
3_206,0.35465384,0.40388143,0.29561818,0.29255995,0.243764
3_207,0.49046496,0.43556976,0.3010772,0.24785379,0.35602522
3_208,0.5179219,0.47302052,0.39533228,0.31631434,0.3815676
3_209,0.49138573,0.2431325,0.11562579,0.09287273,0.06612949
3_210,0.21999347,0.2914245,0.15088663,0.20542222,0.14618874
3_211,0.23543218,0.1887857,0.11459198,0.15394764,0.18002811
3_212,0.511806,0.3801291,0.23169701,0.2555326,0.25806823
3_213,0.50858843,0.38796145,0.48895067,0.13546753,0.5020279
3_214,0.48794144,0.58805597,0.53214693,0.46166807,0.49063262
3_215,0.2221668,0.33138067,0.219915,0.19491065,0.19372602
3_216,0.18240894,0.30963922,0.17855507,0.28010327,0.23225605
3_217,0.20911905,0.37881216,0.25044358,0.32838774,0.31144306
3_218,0.4001811,0.40524852,0.34042746,0.33735937,0.44672352
3_219,0.6135684,0.44412145,0.49949035,0.3464284,0.4789949
3_220,0.429939,0.63071686,0.80332136,0.51401776,0.5720949
3_221,0.2900567,0.48268753,0.4512495,0.24029997,0.36111915
3_222,0.60223293,0.46618205,0.3921413,0.2821434,0.34866273
3_223,0.320118,0.32804212,0.35827747,0.28923777,0.5290617
3_224,0.7502866,0.52935266,0.33494514,0.3808273,0.5157079
3_225,0.7776539,0.6550083,0.47417742,0.37941206,0.5468595
3_226,0.80752635,0.73186606,0.5463851,0.5975119,0.5228919
3_227,0.5057702,0.41221362,0.39507854,0.23155048,0.42695493
3_228,0.45386368,0.34785974,0.17467353,0.22582296,0.29473126
3_229,0.27621746,0.33299428,0.36697197,0.29384178,0.5122759
3_230,0.7640801,0.44054997,0.5041208,0.2751103,0.47320044
3_231,0.68818265,0.51461715,0.42005742,0.26487455,0.43492958
3_232,0.45565063,0.50104135,0.2639914,0.35426843,0.32373604
3_233,0.17451721,0.29814827,0.23659953,0.22807601,0.2771449
3_234,0.25788376,0.26144502,0.2512437,0.19783488,0.25652656
3_235,0.34296203,0.35197902,0.22801271,0.13309346,0.19506282
3_236,0.25860846,0.284854,0.21470004,0.1453663,0.25250688
3_237,0.17572457,0.24769765,0.15660545,0.1561983,0.13134265
3_238,0.16880058,0.26455885,0.18465967,0.18616381,0.17545533
3_239,0.33414137,0.37155253,0.17695299,0.16873866,0.15691231
3_240,0.48595503,0.361213,0.35527933,0.09710251,0.30021855
3_241,0.38959324,0.8300438,0.37316877,0.42195547,0.46031767
3_242,1.0367688,0.97899306,0.95481265,0.6297182,0.85711896
3_243,0.38961154,0.44287786,0.3343552,0.27460587,0.24005783
3_244,0.2950075,0.44147652,0.30643427,0.2812623,0.24326003
3_245,0.53466,0.25745383,0.48255426,0.21035415,0.4355265
3_246,0.5089533,0.33558726,0.21468586,0.22963509,0.22839803
3_247,0.37494394,0.5112764,0.3068987,0.26408264,0.32030058
3_248,0.6366769,0.33430427,0.26162934,0.1440792,0.3110484
3_249,0.49767154,0.40275857,0.36430824,0.28746367,0.3139571
3_250,0.23980814,0.259497,0.27305633,0.17123622,0.3327216
3_251,0.2073709,0.18997553,0.16613367,0.1549871,0.17290808
3_252,0.14098449,0.33928612,0.21573281,0.293086,0.17146383
3_253,0.13548312,0.28495434,0.1652723,0.22616895,0.18807232
3_254,0.39676023,0.30035853,0.2573729,0.19280264,0.31943756
3_255,0.6931323,0.5365988,0.74740213,0.25427324,0.50751376
3_256,0.20867701,0.34687316,0.43535882,0.19893241,0.45181406
3_257,0.18252082,0.27337617,0.26459336,0.13608871,0.22482482
3_258,0.22608952,0.35164106,0.23151672,0.188328,0.23751688
3_259,0.29132628,0.3809493,0.2513352,0.27975726,0.21835798
3_260,0.30351847,0.43924487,0.26945233,0.21451363,0.22283497
3_261,0.52163684,0.43015063,0.2544036,0.2775708,0.22176464
3_262,0.446347,0.511811,0.5489378,0.38785914,0.55337226
3_263,0.44881672,0.37429985,0.22219208,0.21325669,0.21502471
3_264,0.5106552,0.8294814,0.4504332,0.53738,0.40545765
3_265,0.43890753,0.35520047,0.43734884,0.24846086,0.4350368
3_266,0.41815278,0.26437917,0.22191519,0.18217555,0.24550505
3_267,0.24691783,0.4121017,0.34081462,0.2759014,0.33621633
3_268,0.29475626,0.2445498,0.2881124,0.20069173,0.36198315
3_269,0.9096329,0.40420085,0.26366037,0.28886706,0.2554463
3_270,0.28728428,0.30558288,0.28692454,0.21020913,0.38612837
3_271,0.15488985,0.45013064,0.41103157,0.4076446,0.37105852
3_272,0.2828995,0.44207674,0.5182277,0.31819776,0.4346691
3_273,0.38699067,0.50371546,0.49940068,0.33295667,0.47027788
3_274,0.18656781,0.2647115,0.27110258,0.20136195,0.29760724
3_275,0.13502944,0.21982026,0.25806695,0.19504233,0.24496779
3_276,0.406842,0.3899117,0.70523417,0.38805962,0.55705833
3_277,0.25508595,0.3018284,0.34616482,0.274352,0.29781356
3_278,0.20065638,0.3073638,0.372701,0.27984798,0.42442653
3_279,0.3282864,0.35144475,0.3554531,0.31498766,0.36126006
3_280,0.14857294,0.3582124,0.2702547,0.26947582,0.22210506
3_281,0.20370153,0.34360543,0.41272676,0.284888,0.34019035
3_282,0.517923,0.31629485,0.26587665,0.20787904,0.20759967
3_283,0.1698613,0.29471207,0.25194266,0.122949034,0.19803038
3_284,0.16754612,0.25390947,0.22878785,0.18461856,0.14465038
3_285,0.20017588,0.32492262,0.32448268,0.2858885,0.28364652
3_286,0.2233597,0.43689883,0.361448,0.36353016,0.30780303
3_287,0.1987099,0.3055268,0.21705928,0.21814096,0.14495595
3_288,0.34747133,0.40514347,0.35790333,0.20342252,0.20917714
3_289,0.18356916,0.2255696,0.19175911,0.16712886,0.16649431
3_290,0.1702848,0.24981959,0.1738369,0.17243595,0.14869393
3_291,0.17286901,0.31093234,0.24854128,0.22327146,0.17392126
3_292,0.23327467,0.28981572,0.20939639,0.20511383,0.19694543
3_293,0.19143164,0.18961802,0.12997279,0.13540423,0.09273288
3_294,0.15062016,0.16614127,0.113367625,0.13066837,0.13463469
3_295,0.2945309,0.23077342,0.15051454,0.14244564,0.18030709
3_296,0.3255053,0.4115006,0.19992292,0.20153776,0.22649783
3_297,0.56895995,0.36295867,0.29435152,0.24538368,0.30815846
3_298,0.23123986,0.24793606,0.15961635,0.18851098,0.22269318
3_299,0.19206181,0.19437672,0.25355992,0.17992565,0.23406236
3_300,0.25885332,0.20029189,0.26549745,0.17410964,0.25895658
3_301,0.23925999,0.28484777,0.18852186,0.20137602,0.21869679
3_302,0.2921956,0.27549487,0.23054022,0.1872347,0.24255048
3_303,0.3602252,0.15079525,0.10715705,0.15247297,0.22601877
3_304,0.3099593,0.24202135,0.3968652,0.20379502,0.46112534
3_305,1.0635407,0.6756015,0.45790893,0.4668393,0.6243925
3_306,0.98407567,0.6955137,0.55483204,0.33800545,0.83442867
3_307,0.58415884,0.3659553,0.19465452,0.29787573,0.34725666
3_308,0.29493675,0.29917014,0.23064035,0.2619877,0.33288008
3_309,0.22302629,0.3228894,0.2913592,0.26532787,0.22823256
3_310,0.23667924,0.47778696,0.32571346,0.236987,0.35379964
3_311,0.59257406,0.36800092,0.40002644,0.19463369,0.37116826
3_312,0.48524135,0.4290897,0.3470176,0.2794497,0.33716172
3_313,0.24205226,0.43754733,0.3152272,0.34679696,0.31040594
3_314,0.21490222,0.23679909,0.25191003,0.20529586,0.25079155
3_315,0.20406726,0.20704442,0.22222231,0.13194373,0.22428706
3_316,0.22810155,0.29974443,0.1572204,0.17618757,0.20243299
3_317,0.23132455,0.35463944,0.24693047,0.26215386,0.2721127
3_318,0.28659174,0.2914853,0.19186252,0.21961553,0.22950035
3_319,0.25623554,0.40634876,0.4816665,0.37050453,0.47480828
3_320,0.38415807,0.24680787,0.34177208,0.2464003,0.32634616
3_321,0.6349357,0.50153196,0.56766254,0.34763527,0.50322205
3_322,0.592407,0.78363967,0.44695425,0.5323792,0.80755496
3_323,0.9636582,0.8055749,1.0777864,0.50786257,0.8240051
3_324,0.41592023,0.56976587,0.4694336,0.4073686,0.34359506
3_325,0.38101363,0.520227,0.4753893,0.44270113,0.5371132
3_326,0.65487623,0.55107886,0.5596551,0.33658504,0.40199697
3_327,0.2738732,0.25956613,0.3477459,0.19255096,0.32103705
3_328,0.48089647,0.5152379,0.42485797,0.37050495,0.5240143
3_329,0.889862,0.56079817,0.42484796,0.3643297,0.40375265
3_330,0.46514714,0.3554659,0.28397572,0.26938048,0.20410007
3_331,0.31328872,0.37635893,0.3384791,0.26104406,0.29441005
3_332,0.4147707,0.6291219,0.43545985,0.28228244,0.33362737
3_333,0.32743955,0.4515537,0.3271645,0.27720273,0.25596693
3_334,0.46351647,0.522472,0.51311994,0.32289428,0.5386095
3_335,0.9177536,0.6918256,0.5125141,0.41978925,0.41100842
3_336,0.68617684,0.4406854,0.36617953,0.2999667,0.27234036
3_337,0.34225163,0.28058225,0.2042518,0.16664466,0.15695564
3_338,0.22849518,0.19503789,0.2595104,0.1251654,0.25690526
3_339,0.76150835,0.47945124,0.47221765,0.3053377,0.465119
3_340,0.48529804,0.49898934,0.29429984,0.2839172,0.28847483
3_341,0.545107,0.3832264,0.2869057,0.2103478,0.33525842
3_342,0.6215934,0.5676451,0.30659857,0.34598005,0.2984106
3_343,0.33499843,0.29783177,0.27003038,0.28574562,0.33158872
3_344,1.0227809,0.775398,0.7283485,0.73997337,0.6636114
3_345,0.5388495,0.44412154,0.37515858,0.33975625,0.34802073
3_346,0.34235,0.3779788,0.33146912,0.24745476,0.30317077
3_347,0.55637544,0.2932639,0.15618595,0.14056566,0.25650096
3_348,0.70245206,0.40325123,0.27484703,0.1979951,0.2996378
3_349,0.36008382,0.5957265,0.58515394,0.41160166,0.58131963
3_350,0.47587928,0.5453765,0.42973945,0.2569163,0.41541928
3_351,0.53600425,0.5890187,0.4075048,0.43050823,0.33795327
3_352,0.39154983,0.28929847,0.26066893,0.20541826,0.34053195
3_353,0.6157119,0.33157104,0.24237645,0.15708172,0.1754233
3_354,0.3234923,0.33695683,0.31414878,0.23445672,0.3301264
3_355,0.266769,0.36699212,0.3613245,0.29521415,0.25846708
3_356,0.33007675,0.4744621,0.38166624,0.2816951,0.2681418
3_357,0.25219744,0.37679684,0.42014417,0.27091974,0.3052045
3_358,0.22126198,0.16879678,0.08383874,0.11092784,0.07941432
3_359,0.27318445,0.37075305,0.28973392,0.24284202,0.25056407
3_360,0.4263978,0.3503868,0.2880651,0.23307505,0.23701733
3_361,0.26986402,0.3320246,0.3458671,0.1999239,0.35526285
3_362,0.62866294,0.38690937,0.28027046,0.22693428,0.22365585
3_363,0.27293897,0.35465723,0.32849437,0.27304956,0.2970362
3_364,0.48816687,0.67375207,0.51785755,0.56351626,0.6336899
3_365,0.6275484,0.5419278,0.5148278,0.28715175,0.44663566
3_366,0.5411039,0.5243224,0.5654915,0.32635823,0.41087258
3_367,0.40375495,0.63502896,0.736158,0.38846684,0.52728134
3_368,0.5869037,0.44280666,0.47880787,0.20769429,0.2463052
3_369,0.1499517,0.29221088,0.19572653,0.15538877,0.21984684
3_370,0.2594059,0.32713926,0.37563097,0.28650537,0.33064443
3_371,0.45512936,0.44805145,0.41616404,0.29843104,0.46130863
3_372,0.2988338,0.29852504,0.2521782,0.22958039,0.29445964
3_373,0.15798408,0.2793445,0.22336076,0.21638434,0.27916265
3_374,0.4102393,0.3183977,0.22979498,0.20205697,0.22736804
3_375,0.35787034,0.23127055,0.1636967,0.09888586,0.13825002
3_376,0.2743994,0.2484295,0.13612875,0.18703842,0.14034934
3_377,0.39035082,0.2059871,0.09970449,0.11147163,0.1795671
3_378,0.5463092,0.38050526,0.24443994,0.25505894,0.225178
3_379,0.30748364,0.29338306,0.17401005,0.18225795,0.20219094
3_380,0.37132174,0.38827908,0.34009784,0.3129778,0.37935454
3_381,0.38959718,0.36405373,0.34246427,0.2574489,0.3712634
3_382,0.22530389,0.24817704,0.12904336,0.16322905,0.15759808
3_383,0.31098372,0.31913424,0.25170422,0.25482544,0.25667343
3_384,0.42149732,0.352777,0.22141585,0.2327368,0.21323061
3_385,0.23381983,0.28982902,0.16020095,0.17858943,0.15048105
3_386,0.33847815,0.24081951,0.17320588,0.17857441,0.1759199
3_387,0.66090846,0.48689294,0.26898682,0.36051092,0.38727087
3_388,0.29177296,0.53359914,0.4725961,0.39596504,0.45773724
3_389,0.25345296,0.2726588,0.2001316,0.17576838,0.15573052
3_390,0.53014284,0.37647706,0.24080965,0.25140032,0.22913048
3_391,0.2876836,0.32872543,0.316612,0.29144853,0.27734825
3_392,0.2881477,0.34926653,0.28718102,0.3081298,0.30485117
3_393,0.5206313,0.57776535,0.5693327,0.340846,0.63089
3_394,0.36345547,0.4229714,0.23694095,0.19873288,0.21382822
3_395,0.25118986,0.28937533,0.2536138,0.15344188,0.21891646
3_396,0.23397309,0.2961163,0.21601431,0.18060556,0.17204767
3_397,0.3502443,0.62223923,0.4383725,0.4367901,0.34775743
3_398,0.36769646,0.29135105,0.22222042,0.2015379,0.19574061
3_399,0.28922135,0.36542273,0.21582672,0.18688692,0.22661844
3_400,0.23137891,0.28333864,0.2216348,0.18714088,0.19432935
3_401,0.5612974,0.42855984,0.42074013,0.22537965,0.3237923
3_402,0.20474581,0.27297616,0.2997498,0.21806605,0.2641439
3_403,0.15557526,0.23586547,0.25683576,0.23169643,0.2539317
3_404,0.66772527,0.51723206,0.47230944,0.309378,0.36635423
3_405,0.22019747,0.19858286,0.21332297,0.16773799,0.2487742
3_406,0.21685292,0.35241896,0.33244056,0.26221192,0.38970387
3_407,0.28980696,0.3120882,0.36744756,0.19307868,0.2967267
3_408,0.54250586,0.4118303,0.54213434,0.40947086,0.61034954
3_409,0.29118124,0.3209292,0.28252244,0.3098188,0.34915698
3_410,0.3293079,0.5395218,0.51961267,0.3459786,0.35830104
3_411,0.46528834,0.53793323,0.5161127,0.45704296,0.551249
3_412,0.32042694,0.4151738,0.49968368,0.34729373,0.48346442
3_413,0.26853192,0.23779133,0.17224124,0.14492771,0.14568809
3_414,0.38950586,0.64549255,0.4305258,0.452644,0.51397866
3_415,0.34522378,0.26889247,0.17049882,0.23640192,0.21595876
3_416,0.21070519,0.30172002,0.28752422,0.30469716,0.42463753
3_417,0.3594017,0.4825586,0.29895926,0.40729612,0.3680644
3_418,0.19025174,0.5200267,0.5021152,0.44119304,0.45746067
3_419,0.31961948,0.4864267,0.46571732,0.4282661,0.38977316
3_420,0.57627803,0.54717803,0.6057962,0.3379653,0.6230235
3_421,0.2333026,0.37293345,0.34477824,0.2896647,0.35824823
3_422,0.24478963,0.2524637,0.34288192,0.22540694,0.33346125
3_423,0.37829417,0.4563852,0.5497047,0.22276005,0.41097897
3_424,0.232342,0.3397476,0.37992674,0.24166632,0.2813488
3_425,0.24313734,0.27691758,0.41675,0.20294571,0.3153602
3_426,0.5163082,0.3638581,0.3972063,0.32764858,0.41379076
3_427,0.24412012,0.2488602,0.3135679,0.16905046,0.21706636
3_428,0.22548649,0.25817108,0.3025776,0.14162335,0.2353657
3_429,0.24228926,0.36801308,0.23184882,0.16443723,0.2866665
3_430,0.27245206,0.31015503,0.22441702,0.18421388,0.20194426
3_431,0.17155692,0.2636655,0.19234914,0.2135047,0.20435207
3_432,0.102509536,0.3135085,0.16816536,0.21836191,0.1597499
3_433,0.34209123,0.36758578,0.7728634,0.22807169,0.5800835
3_434,0.29105097,0.34361416,0.3924185,0.25615132,0.44357872
3_435,0.33475536,0.26680696,0.35609826,0.24451455,0.39716172
3_436,0.38907978,0.5231156,0.40010136,0.3053133,0.36802703
3_437,0.23478702,0.2786231,0.6838571,0.16096665,0.3611946
3_438,0.15286973,0.28702354,0.2730474,0.20686588,0.28171793
3_439,0.09813824,0.26254568,0.24832752,0.20984349,0.198113
3_440,0.17789271,0.20686592,0.17840488,0.10675257,0.13622838
3_441,0.20803142,0.20240381,0.11571996,0.14338455,0.118900254
3_442,0.162691,0.20598927,0.16836564,0.15847467,0.16844259
3_443,0.22275214,0.2222011,0.15667492,0.1509649,0.17024907
3_444,0.2267048,0.3089447,0.30228952,0.13772756,0.31008217
3_445,0.26132572,0.3253054,0.28464532,0.23123565,0.31083295
3_446,0.383632,0.3556252,0.3660661,0.30865142,0.32467628
3_447,0.12896186,0.2571212,0.20920357,0.20035015,0.20587566
3_448,0.18533729,0.28303105,0.2752757,0.18742272,0.2589494
3_449,0.5098728,0.37401742,0.3862856,0.2219725,0.37225467
3_450,0.26905328,0.29318056,0.3053993,0.17693338,0.41621444
3_451,0.29060876,0.42425174,0.36996084,0.30801088,0.2661057
3_452,0.23883423,0.31220472,0.23082693,0.209274,0.1984661
3_453,0.14073002,0.40798244,0.26755205,0.30282694,0.19596022
3_454,0.13119985,0.33186334,0.21739794,0.24542342,0.20438239
3_455,0.4339856,0.326615,0.28166026,0.23581566,0.2743166
3_456,0.35995722,0.3170709,0.2544423,0.22123043,0.2569274
3_457,0.18464865,0.25295693,0.16316947,0.17212367,0.17113899
3_458,0.094819956,0.24991086,0.15329161,0.15828264,0.09659686
3_459,0.21900862,0.25488216,0.20760915,0.2049422,0.1777223
3_460,0.24381205,0.19140732,0.14476284,0.13326019,0.16837752
3_461,0.28154802,0.18567504,0.2361171,0.0667782,0.19264928
3_462,0.25053984,0.3646364,0.3116402,0.21658963,0.29321426
3_463,0.52675664,0.46909982,0.4685061,0.39078692,0.47275358
3_464,0.698786,0.5194069,0.5418875,0.49890095,0.6354331
3_465,0.47054088,0.37461478,0.3103214,0.29597247,0.3978938
3_466,0.42353874,0.55346143,0.3254888,0.36816567,0.2872246
3_467,0.62134415,0.5440916,0.6797366,0.33432353,0.71174884
3_468,0.24893782,0.22018757,0.22194712,0.1713384,0.2679692
3_469,0.3254223,0.4117868,0.46884754,0.37066045,0.42872685
3_470,0.22826025,0.354963,0.24035504,0.24438307,0.25829795
3_471,0.2581985,0.45406896,0.36531413,0.33575246,0.2919293
3_472,0.25942838,0.439215,0.33033666,0.24212173,0.29755855
3_473,0.33462518,0.32402706,0.25957504,0.19898832,0.21701244
3_474,0.24152602,0.33398515,0.41783756,0.18998303,0.3557562
3_475,0.22639051,0.3029114,0.35070103,0.21992591,0.21073595
3_476,0.25248477,0.29754895,0.2459376,0.21597931,0.15421614
3_477,0.26132947,0.32659292,0.3484547,0.23983672,0.372125
3_478,0.19407906,0.25027528,0.16732949,0.17024024,0.1561664
3_479,0.24243179,0.3012303,0.20721233,0.2047716,0.18733922
3_480,0.66225445,0.3470076,0.555903,0.09458786,0.37650335
3_481,0.17389251,0.22524288,0.23349586,0.15360144,0.23964545
3_482,0.14740252,0.15389532,0.13116175,0.09741445,0.10477558
3_483,0.2862122,0.2982598,0.25175303,0.17155483,0.28961948
3_484,0.38657182,0.3128888,0.33496726,0.25733626,0.31618053
3_485,0.17264283,0.22878064,0.17988676,0.18761638,0.24446765
3_486,0.34082043,0.35599864,0.3942173,0.2812819,0.42704192
3_487,0.28043914,0.2348483,0.19900264,0.15459818,0.19794977
3_488,0.27002013,0.36382228,0.3854785,0.24836932,0.352285
3_489,0.27960613,0.40202925,0.3628614,0.27729416,0.294292
3_490,0.45848146,0.36523384,0.3596084,0.23726088,0.2930212
3_491,0.27329817,0.32375658,0.33467084,0.2221794,0.42344332
3_492,0.40301454,0.4233206,0.45360178,0.20322126,0.35914063
3_493,0.1966415,0.35495707,0.3375184,0.25229552,0.30447963
3_494,0.19597954,0.29966414,0.3241209,0.24840876,0.31286168
3_495,0.32573634,0.38627535,0.44662464,0.22685504,0.3414912
3_496,0.40166157,0.43192822,0.53615355,0.2536183,0.37969655
3_497,0.29766342,0.48356962,0.48027682,0.3182498,0.46325204
3_498,0.25853193,0.31785017,0.26516724,0.25109327,0.24389106
3_499,0.14755982,0.2821862,0.31510198,0.25845462,0.30778915
3_500,0.44934428,0.51025,0.32005247,0.44232023,0.35691032
3_501,0.36459637,0.38853687,0.23922378,0.26005659,0.23139052
3_502,0.26860815,0.3950019,0.330549,0.3156212,0.26212916
3_503,0.3256321,0.3172521,0.16013622,0.19457224,0.111283556
3_504,0.59433246,0.537357,0.4429896,0.44144678,0.43375367
3_505,0.28636622,0.42787194,0.38571554,0.39359075,0.2804203
3_506,0.47264752,0.4240837,0.30395445,0.36199427,0.26882613
3_507,0.47741342,0.45790333,0.6331029,0.36802793,0.38544872
3_508,0.6820878,0.5230863,0.42667806,0.39505377,0.32540882
3_509,0.7544061,0.44259387,0.71046615,0.27990717,0.42049176
3_510,0.23213054,0.24161622,0.2935608,0.17699644,0.30015188
3_511,0.25790602,0.48003078,0.6392262,0.4256038,0.41983286
3_512,0.3087296,0.35012645,0.4457683,0.2618789,0.3766602
3_513,0.5400176,0.39617494,0.40146238,0.2851413,0.37160984
3_514,0.25847825,0.21946326,0.2491626,0.16770248,0.33994055
3_515,0.31951654,0.31712395,0.26926982,0.22687772,0.31849512
3_516,0.42684978,0.47898313,0.2836142,0.3080205,0.31013164
3_517,0.3170216,0.49020422,0.4697991,0.42767242,0.46320242
3_518,0.47929287,0.39342177,0.26239076,0.22975495,0.27699214
3_519,0.6716708,0.35065186,0.26675692,0.27220306,0.2765739
3_520,0.1881123,0.26626498,0.24149762,0.19669157,0.26183045
3_521,0.41273516,0.29519624,0.1907995,0.18043154,0.25292447
3_522,0.49010465,0.4246207,0.3433407,0.2249835,0.37899274
3_523,0.3627598,0.47603127,0.36938608,0.22967087,0.32495275
3_524,0.27750933,0.386993,0.36476544,0.2367391,0.42440277
3_525,0.09900639,0.26922053,0.16715324,0.14104666,0.14075111
3_526,0.094707675,0.34092087,0.3656234,0.21141231,0.27229786
3_527,0.19848701,0.30287594,0.1816379,0.15258312,0.19902647
3_528,0.3510503,0.29769814,0.270249,0.15597191,0.25860798
3_529,0.12107441,0.21013966,0.14473253,0.10034116,0.1909706
3_530,0.10583233,0.3790939,0.35294706,0.2642178,0.2921763
3_531,0.27883947,0.40617642,0.43106347,0.1725305,0.33841965
3_532,0.30132082,0.24597211,0.14326507,0.11505458,0.12273115
3_533,0.25312513,0.29111964,0.25436956,0.11252528,0.25255236
3_534,0.18673155,0.27674127,0.13940188,0.15530512,0.10954991
3_535,0.26023668,0.2785701,0.20063552,0.15638556,0.16892442
3_536,0.24857202,0.26602408,0.17319863,0.18815014,0.13895582
3_537,0.19178769,0.21158136,0.16860133,0.13827232,0.17931965
3_538,0.13783722,0.2908579,0.17774293,0.19088626,0.13727835
3_539,0.20840293,0.4222147,0.2393386,0.29057992,0.1907556
3_540,0.27652264,0.31535453,0.21045128,0.22632788,0.2903786
3_541,0.35605055,0.21827967,0.23474433,0.14493462,0.2795958
3_542,0.20615992,0.24986517,0.28951785,0.16651455,0.30246735
3_543,0.09862247,0.24738398,0.21502203,0.17012438,0.17295836
3_544,0.1844764,0.27726465,0.24422045,0.13914764,0.18562728
3_545,0.17611328,0.25595683,0.23465653,0.16666916,0.16059493
3_546,0.14188522,0.2214902,0.19129094,0.15181535,0.1587686
3_547,0.280554,0.31419638,0.2791968,0.1686522,0.2003467
3_548,0.38003653,0.32669842,0.32490972,0.21269134,0.34314525
3_549,0.15844361,0.326959,0.30626976,0.18829778,0.32348377
3_550,0.17105007,0.33433926,0.32315522,0.21644256,0.29651338
3_551,0.3531841,0.57016945,0.6558042,0.30309612,0.3994385
3_552,0.19217318,0.46498734,0.40506172,0.35151207,0.38335907
3_553,0.182403,0.3953724,0.41386807,0.2961941,0.34270805
3_554,0.36838692,0.41684902,0.41823745,0.2384635,0.33582032
3_555,0.22956526,0.44447476,0.4219399,0.27216476,0.42522255
3_556,0.30856287,0.4828393,0.54095954,0.3746131,0.34008455
3_557,0.30240047,0.34333485,0.24372663,0.212286,0.20568696
3_558,0.5144894,0.4161234,0.4366114,0.24807313,0.30902588
3_559,0.21678303,0.26364645,0.28988466,0.17349285,0.24047497
3_560,0.23080245,0.21183173,0.20711617,0.15786166,0.18763871
3_561,0.10752265,0.2153425,0.12600656,0.15900515,0.15909392
3_562,0.13500515,0.26593557,0.23047498,0.1839734,0.22323415
3_563,0.27245715,0.21782726,0.15254052,0.09745506,0.23434034
3_564,0.3486345,0.30307716,0.2117554,0.15388018,0.24926047
3_565,0.13457334,0.21453936,0.15975246,0.12044667,0.17980832
3_566,0.15918815,0.26474622,0.21438557,0.11743528,0.16440214
3_567,0.17154069,0.31419665,0.23957732,0.18179478,0.22380829
3_568,0.1280142,0.2735994,0.2331115,0.20732734,0.3057777
3_569,0.14314368,0.20455143,0.18531793,0.10859838,0.16324049
3_570,0.27503425,0.33653772,0.20578785,0.21466476,0.19844157
3_571,0.40052533,0.48892057,0.4400812,0.4081722,0.43743306
3_572,0.23233372,0.30414683,0.26694128,0.18452883,0.24022357
3_573,0.3372581,0.40404797,0.46233404,0.2563011,0.37552282
3_574,0.39683118,0.38853398,0.27986705,0.22237119,0.3139725
3_575,0.20457877,0.28777903,0.25870475,0.12957697,0.25261432
3_576,0.162451,0.26843482,0.18751135,0.14432612,0.1347444
3_577,0.27028516,0.22151352,0.1771753,0.16214713,0.19878125
3_578,0.17669684,0.20600162,0.20316987,0.19071788,0.22512558
3_579,0.21105263,0.23690885,0.2314521,0.13924272,0.22011633
3_580,0.22585827,0.3293637,0.20289744,0.17193326,0.31260407
3_581,0.18042317,0.18694967,0.23314421,0.13232173,0.25559476
3_582,0.21952936,0.2306938,0.3326065,0.13117842,0.3044971
3_583,0.37810382,0.38706726,0.47055164,0.3287591,0.4227223
3_584,0.25126922,0.25171593,0.2793799,0.19133583,0.27155885
3_585,0.19970173,0.2701949,0.3141707,0.23305658,0.3133485
3_586,0.37958747,0.28453743,0.25112763,0.18415976,0.23239887
3_587,0.33000126,0.4166395,0.36394668,0.30342168,0.34089148
3_588,0.24761982,0.2811393,0.19205946,0.21364215,0.19314398
3_589,0.18779798,0.27722403,0.2327775,0.22491917,0.33291316
3_590,0.37206644,0.32848126,0.2582643,0.10456286,0.14980656
3_591,0.22200948,0.3800158,0.35493535,0.16198517,0.33966482
3_592,0.1707646,0.32185107,0.25119478,0.2014946,0.23387016
3_593,0.25536498,0.36906087,0.30694145,0.20080638,0.27567714
3_594,0.39683908,0.36664703,0.27666956,0.21377283,0.23487201
3_595,0.3822077,0.37883148,0.21930796,0.23394278,0.15249726
3_596,0.33848643,0.3706781,0.47272307,0.26756793,0.4538293
3_597,0.37047786,0.3693604,0.19823138,0.24395287,0.17308909
3_598,0.27599967,0.41114163,0.46204406,0.27446058,0.36139616
3_599,0.23697895,0.40705353,0.41690755,0.3776406,0.46450448
3_600,0.25756654,0.38822913,0.31096333,0.26442686,0.3064435
3_601,0.26066846,0.30202216,0.34128422,0.23798716,0.36539155
3_602,0.39263535,0.293343,0.1601114,0.1360138,0.1550467
3_603,0.19804272,0.34237224,0.29297635,0.17548135,0.260742
3_604,0.20243987,0.3008412,0.25810313,0.19364758,0.2167771
3_605,0.3318057,0.4394936,0.37327886,0.26344562,0.31764704
3_606,0.23965362,0.26832616,0.15661642,0.16299635,0.12962599
3_607,0.3645475,0.48533082,0.36545098,0.31296837,0.37374026
3_608,0.44506687,0.3637405,0.32938612,0.31257483,0.39928102
3_609,0.42372054,0.32978547,0.3620608,0.24925622,0.31946525
3_610,0.1547601,0.29168302,0.3302647,0.25157702,0.35644016
3_611,0.19887726,0.39653623,0.45283404,0.38117182,0.44864213
3_612,0.29491353,0.59032464,0.648042,0.45071343,0.4675793
3_613,0.2656985,0.34075952,0.39754498,0.23588783,0.40549678
3_614,0.31956875,0.33469036,0.23317555,0.15107086,0.1918399
3_615,0.24369939,0.30778873,0.25712502,0.15020977,0.33582383
3_616,0.18723819,0.3813327,0.31435847,0.2547459,0.31562698
3_617,0.22529614,0.48131394,0.42161596,0.2680822,0.36188608
3_618,0.20569569,0.44101027,0.25474012,0.2076827,0.18855414
3_619,0.43712932,0.74354565,0.36893523,0.48227483,0.32620078
3_620,0.20659167,0.52547425,0.5018085,0.42205608,0.4644464
3_621,0.34788924,0.34809023,0.26095504,0.24165988,0.18651262
3_622,0.32979876,0.49411082,0.39151913,0.20687106,0.28380015
3_623,0.22644503,0.22285601,0.17841475,0.12669933,0.17775215
3_624,0.21800753,0.2709452,0.249131,0.17573324,0.24522331
3_625,0.27435568,0.48096976,0.50767714,0.33317834,0.3599129
3_626,0.26758033,0.32655248,0.23671603,0.21124297,0.1780084
3_627,0.4382205,0.38233492,0.27061376,0.2507845,0.44427803
3_628,0.3858141,0.2329381,0.19989927,0.1471966,0.2711832
3_629,0.12353042,0.2063764,0.19603859,0.16937982,0.19829473
3_630,0.37793595,0.32509413,0.3018992,0.3176794,0.35248742
3_631,0.30629373,0.40761346,0.2855467,0.3110033,0.27988744
3_632,0.2358816,0.35491723,0.3357948,0.27372888,0.23538598
3_633,0.45597887,0.30025786,0.35755476,0.24643764,0.2888436
3_634,0.8461846,0.7910501,0.65310675,0.420374,0.8362615
3_635,0.85783017,0.39513716,0.5659187,0.4203659,0.67863464
3_636,0.76131076,0.49931282,0.4557704,0.3592507,0.53759867
3_637,0.62584686,0.5781423,0.66570866,0.6297992,0.60215425
3_638,0.28162682,0.50622743,0.3862177,0.2814997,0.29166955
3_639,0.36620492,0.60346735,0.4475113,0.5165371,0.39111623
3_640,0.21023273,0.46670562,0.37543768,0.37098974,0.34789065
3_641,0.40646785,0.37581596,0.29831636,0.3209045,0.31263542
3_642,0.29498214,0.31005895,0.19674343,0.25894225,0.24782273
3_643,0.4041736,0.39521146,0.35213315,0.29798704,0.38995862
3_644,0.2076092,0.23912105,0.24583438,0.2023065,0.3273759
3_645,0.21565792,0.19722451,0.2200827,0.18866405,0.25787848
3_646,0.19577567,0.31379157,0.21173438,0.20102416,0.2746566
3_647,0.24998918,0.24728926,0.254041,0.2440126,0.2783168
3_648,0.19702247,0.22556795,0.34256303,0.2431107,0.29672256
3_649,0.22969633,0.2400891,0.17121667,0.18807691,0.17406413
3_650,0.23848532,0.34162778,0.31803,0.31574017,0.33181953
3_651,0.28966767,0.23407221,0.20745672,0.16719171,0.2168557
3_652,0.165116,0.18297611,0.14764217,0.1362051,0.14946322
3_653,0.46492568,0.3366722,0.2607467,0.20629017,0.28450793
3_654,0.39370978,0.383919,0.25981557,0.28656206,0.2875339
3_655,0.15783769,0.2357217,0.20698798,0.1833683,0.21729043
3_656,0.36299008,0.2775486,0.22163092,0.24173987,0.30370587
3_657,0.31226015,0.24109238,0.118170194,0.13829014,0.1695356
3_658,0.24669673,0.32200474,0.3473725,0.2384836,0.31666377
3_659,0.5204271,0.28019738,0.18357888,0.13920139,0.17001204
3_660,0.57504714,0.4456355,0.29688638,0.28798884,0.30104786
3_661,0.21944311,0.20483069,0.14184791,0.15707086,0.14766994
3_662,0.19949886,0.226743,0.18439525,0.18086895,0.19657625
3_663,0.31964082,0.47733152,0.3974411,0.33150095,0.30000812
3_664,0.30810916,0.43713003,0.30551207,0.32132217,0.299838
3_665,0.37485838,0.28738084,0.3486184,0.19615196,0.32043624
3_666,0.297781,0.54908454,0.360453,0.31745428,0.38311678
3_667,0.25152826,0.35344666,0.29941073,0.21667594,0.2535763
3_668,0.13377565,0.2539223,0.27229184,0.10859573,0.24448732
3_669,0.1448611,0.3319685,0.29090786,0.19443423,0.23649183
3_670,0.13156757,0.3892303,0.3976239,0.22523369,0.30700806
3_671,0.16153806,0.24056576,0.15264031,0.13729006,0.13817276
3_672,0.24553242,0.28338075,0.21479508,0.17844246,0.2172724
3_673,0.13925934,0.24228288,0.19243333,0.12407624,0.2156795
3_674,0.13526428,0.21424958,0.14120008,0.11904194,0.12398484
3_675,0.21485426,0.38780743,0.2702,0.25876418,0.29133952
3_676,0.2947719,0.35079968,0.23801586,0.23661715,0.2872455
3_677,0.38476413,0.3005387,0.17414823,0.1736819,0.1934486
3_678,0.5097161,0.44654676,0.2494393,0.29233935,0.28354967
3_679,0.20142382,0.21476337,0.18743801,0.16561343,0.2506878
3_680,0.28912288,0.3060453,0.3361299,0.20058747,0.35584712
3_681,0.24478862,0.50759697,0.3177284,0.25011322,0.35163444
3_682,0.31578207,0.47321957,0.50249374,0.42483833,0.42716444
3_683,0.28996038,0.32342708,0.31620097,0.29111546,0.3014471
3_684,0.26657498,0.32066783,0.3201121,0.23657206,0.3047523
3_685,0.3281842,0.34990996,0.47536808,0.28930637,0.51686746
3_686,0.47375783,0.4242896,0.5479476,0.2601249,0.4561185
3_687,0.18246615,0.3428879,0.39393705,0.25993133,0.31252563
3_688,0.18894848,0.33325934,0.3717718,0.31441212,0.37679714
3_689,0.2642467,0.4220163,0.58267164,0.22545697,0.37773526
3_690,0.16337544,0.43419755,0.51772153,0.27412048,0.40579888
3_691,0.17998339,0.38428235,0.3989058,0.28063697,0.31104386
3_692,0.43073654,0.4489292,0.6708708,0.28404126,0.4288689
3_693,0.20825037,0.4516488,0.43033496,0.3224145,0.35473272
3_694,0.17845343,0.3906127,0.39336056,0.34088957,0.3190723
3_695,0.36891365,0.47982055,0.5111985,0.26888192,0.43510252
3_696,0.21075068,0.35066074,0.39223576,0.21470843,0.37152356
3_697,0.102470696,0.32317758,0.3920542,0.26044032,0.29811633
3_698,0.16533704,0.2989879,0.25490677,0.18072256,0.19153658
3_699,0.23183635,0.35794845,0.24049927,0.21062693,0.26946062
3_700,0.40978286,0.3148777,0.21897861,0.16354513,0.21194896
3_701,0.21360798,0.284265,0.24090491,0.13516921,0.1905981
3_702,0.18190606,0.22294974,0.17717804,0.14834626,0.18501279
3_703,0.21674722,0.4495898,0.402749,0.36532798,0.36456656
3_704,0.35493293,0.41930884,0.2717578,0.22384945,0.18503144
3_705,0.64817995,0.42607737,0.29358256,0.20464557,0.28897372
3_706,0.18761879,0.24084058,0.2676199,0.1613063,0.2851328
3_707,0.17786382,0.28760695,0.24819243,0.2558519,0.2240167
3_708,0.29150945,0.3878466,0.38926822,0.20162266,0.26845402
3_709,0.14367375,0.32189474,0.2717087,0.20154521,0.28475502
3_710,0.12146432,0.19958794,0.12643856,0.15646869,0.09856941
3_711,0.23262419,0.2830296,0.19238639,0.20107186,0.19169748
3_712,0.23205847,0.32707193,0.25500554,0.26171255,0.19070515
3_713,0.21014544,0.26395708,0.21630004,0.21179825,0.19574097
3_714,0.41969943,0.38655257,0.4515071,0.26132432,0.40461275
3_715,0.28045842,0.3310396,0.30709046,0.22774014,0.27542934
3_716,0.15166903,0.25797516,0.2571604,0.21787357,0.25979564
3_717,0.19825384,0.29594958,0.22495037,0.1803698,0.19263251
3_718,0.16871738,0.31839928,0.25396344,0.22527128,0.2013223
3_719,0.25720906,0.30921924,0.2574452,0.28505468,0.24191615
3_720,0.31936842,0.38981563,0.603019,0.30871516,0.46074682
3_721,0.3894071,0.43007588,0.36756808,0.265953,0.31482655
3_722,0.53046423,0.3314454,0.42608798,0.19722563,0.23003924
3_723,0.23904058,0.23829591,0.15715772,0.11105186,0.13083875
3_724,0.17694554,0.22208595,0.17061011,0.14783579,0.13249017
3_725,0.19653222,0.27445042,0.24359706,0.1808418,0.24411432
3_726,0.16470453,0.29139352,0.23336208,0.2428622,0.23180246
3_727,0.2776075,0.3816514,0.18062553,0.20791543,0.1957623
3_728,0.43338782,0.53336215,0.6931258,0.31089544,0.5978184
3_729,0.35831165,0.43634593,0.43929327,0.19317195,0.51437175
3_730,0.28311372,0.47111642,0.6986238,0.38780946,0.53266144
3_731,0.14299336,0.4057873,0.26240426,0.25178933,0.20879649
3_732,0.3534772,0.35694283,0.39477938,0.25174183,0.4988081
3_733,0.31931227,0.2729385,0.21668492,0.16579221,0.1711519
3_734,0.18652865,0.18881059,0.17594008,0.14655408,0.17860758
3_735,0.15460248,0.24079765,0.19989885,0.15760113,0.15416735
3_736,0.18517758,0.22273737,0.2195794,0.20224565,0.13834974
3_737,0.21612552,0.26017705,0.21388784,0.2048348,0.13826133
3_738,0.19681126,0.24312198,0.15444128,0.16848928,0.082043156
3_739,0.43897516,0.34397244,0.25892502,0.23118971,0.17751217
3_740,0.29407194,0.2926463,0.3088177,0.16723648,0.14519337
3_741,0.32272393,0.5824119,0.53603476,0.40441167,0.3868568
3_742,0.29319778,0.3611229,0.40580374,0.2966339,0.28657466
3_743,0.37940812,0.39919227,0.3014582,0.20277995,0.22957602
3_744,0.28422397,0.37665915,0.30283272,0.18933836,0.22814235
3_745,0.29890484,0.26447555,0.22962901,0.17562278,0.29857284
3_746,0.19974029,0.40188923,0.4681328,0.33856153,0.4024397
3_747,0.19090115,0.23419291,0.20090656,0.16705504,0.14974779
3_748,0.5118836,0.5585836,0.5313676,0.27271163,0.7427867
3_749,0.35453025,0.25585642,0.30500007,0.16289717,0.33032882
3_750,0.15249868,0.20818749,0.23888674,0.13402727,0.2914677
3_751,0.19095099,0.35046756,0.30179912,0.24475193,0.3237843
3_752,0.21371149,0.30827725,0.2264393,0.2120659,0.25341728
3_753,0.24887952,0.23128086,0.14735791,0.13891925,0.1439172
3_754,0.17643926,0.2139218,0.14197084,0.12000364,0.17256123
3_755,0.1286671,0.19853383,0.13291761,0.12049982,0.13557827
3_756,0.113549784,0.28005967,0.1943209,0.21028644,0.15650238
3_757,0.18148178,0.22821942,0.18532479,0.18210874,0.21268687
3_758,0.52778804,0.30349356,0.22414455,0.17000276,0.24258423
3_759,0.24639231,0.25578302,0.31390673,0.19659367,0.23387092
3_760,0.29757702,0.27908823,0.27225554,0.19838934,0.24049775
3_761,0.68239266,0.3574891,0.36439842,0.27982908,0.42164284
3_762,0.36280638,0.2512233,0.28630877,0.2256735,0.33496678
3_763,0.2639458,0.29702798,0.3813843,0.32576555,0.52974665
3_764,0.6322689,0.41430974,0.5345447,0.42747065,0.5995468
3_765,0.32600963,0.20228656,0.2637105,0.17187771,0.28820688
3_766,0.19258747,0.22711454,0.17019904,0.19108343,0.23719794
3_767,0.25888854,0.33927938,0.27982086,0.30342665,0.39516124
3_768,0.28118545,0.33001828,0.24953145,0.27897877,0.31187677
3_769,0.14232558,0.30296052,0.30251133,0.27676445,0.28258586
3_770,0.39016846,0.3077228,0.24733947,0.25175276,0.31265676
3_771,0.37816557,0.41272852,0.24396071,0.22714853,0.33969623
3_772,0.18460739,0.36283612,0.32843477,0.34892687,0.33400166
3_773,0.2536354,0.2828381,0.16177858,0.21493915,0.18256235
3_774,0.7657082,0.60397506,0.6626451,0.46678653,0.636429
3_775,0.25943267,0.31243265,0.33626842,0.25838035,0.4191205
3_776,0.22391662,0.22693086,0.25989783,0.15428291,0.28971553
3_777,0.37741297,0.31570515,0.25819927,0.1846923,0.32048944
3_778,0.46909493,0.44540393,0.41420925,0.19436935,0.4272099
3_779,0.17594543,0.49715084,0.37113985,0.43365973,0.36389285
3_780,0.21544367,0.26318896,0.12741992,0.15416625,0.12602052
3_781,0.371509,0.41542482,0.32281226,0.40402237,0.36841464
3_782,0.23718058,0.2748284,0.19827878,0.20085913,0.22528215
3_783,0.2679811,0.3608678,0.2588247,0.3054399,0.3937664
3_784,0.47073647,0.31472874,0.28804356,0.2627633,0.30579907
3_785,0.23471251,0.35520422,0.4167639,0.34772104,0.38055563
3_786,0.4078169,0.40319183,0.28781122,0.2695419,0.30510485
3_787,0.85184324,0.47953546,0.324028,0.26268882,0.434623
3_788,0.3031869,0.28136945,0.24974479,0.23551744,0.3180513
3_789,0.2822662,0.28672287,0.32144642,0.25614697,0.30493534
3_790,0.33640736,0.5321689,0.38937435,0.39727643,0.33205926
3_791,0.6228435,0.51823264,0.647441,0.35868117,0.6604595
3_792,0.67053235,0.5349113,0.53448033,0.45423973,0.5722158
3_793,0.4447801,0.68367195,0.72584856,0.3807704,0.4932381
3_794,0.26469547,0.7340396,0.9867384,0.66184,0.63807225
3_795,0.36109304,0.44430625,0.39932555,0.32430947,0.36228216
3_796,0.3567363,0.71831477,1.2239856,0.56999135,0.8168559
3_797,0.57126546,0.36628968,0.49021018,0.3535297,0.40376055
3_798,0.49117184,0.39890358,0.44427967,0.35143715,0.5635961
3_799,0.22711094,0.26076132,0.17079748,0.20329717,0.1748355
3_800,0.23682913,0.29896468,0.20634791,0.23552643,0.3227608
3_801,0.96557736,0.5373285,0.5080002,0.48655665,0.64245456
3_802,0.4254002,0.27763245,0.2773559,0.29133067,0.50011563
3_803,0.8416629,0.4115234,0.40280575,0.35708344,0.7360061
3_804,0.75217986,0.9290161,0.74810034,0.7744248,0.9145617
3_805,0.27441356,0.27587205,0.20581399,0.17597198,0.14754297
3_806,0.4123279,0.53029865,0.7249223,0.39041746,0.5203388
3_807,0.31354135,0.42042464,0.3355833,0.34152472,0.34387645
3_808,0.23908326,0.24077024,0.29648095,0.17138487,0.31828314
3_809,0.3590561,0.28718314,0.26857436,0.1665917,0.26277277
3_810,0.50125337,0.41972142,0.3001238,0.20679647,0.23678923
3_811,0.22852126,0.33961874,0.22792867,0.19022086,0.21127903
3_812,0.3479255,0.2924934,0.18729159,0.19177188,0.15589854
3_813,0.4145293,0.3461627,0.20200966,0.2835072,0.21386203
3_814,0.18911424,0.48093104,0.36413425,0.32689944,0.3369134
3_815,0.25202888,0.19381037,0.14717102,0.11956079,0.11411007
3_816,0.5986286,0.48150122,0.48432112,0.26302522,0.38315958
3_817,0.18908405,0.24233896,0.27201873,0.21505728,0.29953706
3_818,0.12461345,0.22506113,0.16078165,0.2356677,0.19665128
3_819,0.68376386,1.1718087,1.3440025,0.6676006,0.66113865
3_820,0.4520216,0.95298946,0.52648497,0.641152,0.41467288
3_821,0.4572357,0.3508345,0.5949383,0.3718652,0.6953769
3_822,0.4352464,0.6853738,0.5739236,0.7140939,0.64102286
3_823,0.424832,0.23100656,0.28651947,0.17894143,0.31418747
3_824,0.5991248,0.51230115,0.42568946,0.363736,0.5844617
3_825,0.3093369,0.2201362,0.22048083,0.21674344,0.24234068
3_826,0.1661404,0.21422106,0.18712477,0.11156206,0.20218256
3_827,0.31645307,0.3153196,0.32148236,0.22374061,0.32407877
3_828,0.7068963,0.565364,0.37309122,0.4450521,0.4300036
3_829,0.43781236,0.5728617,0.543717,0.43969736,0.6558824
3_830,0.6019803,0.7491083,0.7747973,0.46395504,0.86814916
3_831,0.35856652,0.7160665,0.7526189,0.71362936,0.72765636
3_832,0.31726587,0.24448808,0.30109772,0.19496591,0.2662417
3_833,0.42688054,0.3761119,0.4077862,0.24637994,0.44291824
3_834,0.48052478,0.2304571,0.33901858,0.1449166,0.24508217
3_835,0.22194146,0.26012552,0.30502462,0.14685166,0.26127037
3_836,0.1744248,0.20074336,0.19314405,0.1394978,0.16245131
3_837,0.18150404,0.2162216,0.143172,0.11843899,0.077833526
3_838,0.17819518,0.20932448,0.19936651,0.1530162,0.20358993
3_839,0.4572135,0.34093636,0.24894908,0.14729062,0.24999383
3_840,0.24542606,0.3514961,0.3047525,0.19862247,0.34117788
3_841,0.15906617,0.2221146,0.13513856,0.12678084,0.12492019
3_842,0.22324222,0.43113106,0.30703506,0.3426695,0.36781985
3_843,0.28654027,0.34442133,0.24015744,0.22226605,0.27522165
3_844,0.39699244,0.38333756,0.28779972,0.20992056,0.2926864
3_845,0.2476972,0.22074422,0.18012732,0.15011248,0.23526853
3_846,0.21982461,0.458153,0.32695213,0.4031662,0.33113354
3_847,0.57019645,0.48226562,0.47354192,0.16412336,0.3963208
3_848,0.6167469,0.59541637,0.8071486,0.39348286,0.61485827
3_849,0.43409058,0.2129065,0.25363344,0.15926567,0.3646986
3_850,0.6663537,0.72988605,0.4785992,0.36937717,0.45630747
3_851,0.47572827,0.6039813,0.54919964,0.50839233,0.6426502
3_852,0.2102758,0.37919837,0.39762387,0.33371848,0.4069698
3_853,0.119711354,0.2337762,0.13070764,0.11880811,0.1329413
3_854,0.36224663,0.27864432,0.17039087,0.17562908,0.31413192
3_855,0.25593278,0.26929355,0.18712044,0.21411109,0.22668128
3_856,0.3844878,0.2989542,0.20044583,0.16608487,0.17793554
3_857,0.21404734,0.24115458,0.16802935,0.13389681,0.15492031
3_858,0.18081924,0.30515534,0.21294166,0.19592708,0.2151017
3_859,0.22232607,0.39066625,0.37067688,0.29292667,0.2297328
3_860,0.33337444,0.27898246,0.1727332,0.17074162,0.07089729
3_861,0.44726524,0.43548077,0.32070178,0.24930641,0.24438772
3_862,0.46302944,0.34228033,0.2527888,0.29058313,0.3027879
3_863,0.22171944,0.32933593,0.2717505,0.24271312,0.31529945
3_864,0.15018076,0.30518338,0.19680274,0.17785399,0.10781461
3_865,0.39182818,0.41786313,0.31635877,0.25007835,0.36360335
3_866,0.3922119,0.26610744,0.23970866,0.14055753,0.19771048
3_867,0.23935044,0.2656917,0.3650459,0.21263206,0.41698217
3_868,0.22127405,0.40879193,0.41459537,0.3078012,0.36693197
3_869,0.4645238,0.50125307,0.4460203,0.34399658,0.39925063
3_870,0.95471317,0.67920864,0.70917666,0.46790436,0.6074544
3_871,0.41006315,0.1908262,0.2428412,0.0771354,0.16686225
3_872,0.29628867,0.2807545,0.25298986,0.16848958,0.2392533
3_873,0.28268802,0.27091894,0.31185013,0.18262133,0.36121088
3_874,0.42609707,0.4517212,0.48508704,0.31923652,0.43016186
3_875,0.36547375,0.4463781,0.22323424,0.26553047,0.2200177
3_876,0.37237757,0.49452862,0.31955543,0.26440763,0.26850486
3_877,0.30811143,0.37898606,0.28601748,0.25599304,0.34326878
3_878,0.45067066,0.4017798,0.234641,0.24518555,0.23454118
3_879,0.46709105,0.56500363,0.33179313,0.35395217,0.4109941
3_880,0.30206853,0.3003658,0.25669375,0.21665485,0.2663337
3_881,0.34987026,0.30668426,0.18736658,0.23272377,0.24292126
3_882,0.35057622,0.32978866,0.19785786,0.19038713,0.22482878
3_883,0.29511335,0.35810137,0.3496933,0.25864834,0.34734252
3_884,0.46445462,0.419505,0.2796626,0.25005725,0.23589052
3_885,0.17312622,0.31879464,0.24172214,0.24346036,0.24023357
3_886,0.12445491,0.19523518,0.18238154,0.16869098,0.20479532
3_887,0.13783261,0.20848933,0.2061199,0.16202945,0.22436339
3_888,0.2080964,0.3139102,0.19699273,0.18210873,0.17658219
3_889,0.40945655,0.3249578,0.24368057,0.20050243,0.31246048
3_890,0.40440226,0.30707818,0.42464173,0.17287567,0.34339964
3_891,0.19557965,0.23285607,0.24041733,0.14492656,0.2187174
3_892,0.08834262,0.20895766,0.18306953,0.1770927,0.13262174
3_893,0.28927302,0.2512386,0.20500943,0.16532141,0.15317771
3_894,0.15506701,0.1775192,0.10974482,0.12592031,0.11850362
3_895,0.23765361,0.20069566,0.13897675,0.12927078,0.15238062
3_896,0.17711225,0.2972206,0.13821304,0.16916266,0.10526901
3_897,0.2869287,0.21494853,0.1666712,0.17016721,0.18487214
3_898,0.30923158,0.22421631,0.30577558,0.13443685,0.3368883
3_899,0.32242486,0.45140964,0.33409187,0.28503937,0.3986388
3_900,0.6293014,0.5648675,0.47838643,0.53129435,0.462247
3_901,0.33542034,0.36053377,0.31914604,0.29294488,0.30538562
3_902,0.40968347,0.3432966,0.49873185,0.33473414,0.44597465
3_903,0.37587574,0.32568896,0.2557304,0.26683605,0.34982952
3_904,0.46113318,0.260709,0.42778614,0.26264757,0.46004334
3_905,0.3915242,0.3824023,0.31974038,0.26934952,0.2723024
3_906,0.38924414,0.2960602,0.23336513,0.2284165,0.28317106
3_907,0.18549173,0.25844663,0.224374,0.22927324,0.23791623
3_908,0.5549902,0.39219147,0.24099752,0.30319312,0.37115574
3_909,0.24634984,0.1782606,0.217392,0.20783687,0.32489344
3_910,0.56292176,0.36402428,0.25338525,0.22933245,0.37351522
3_911,1.0186415,0.51962566,0.6121214,0.3113326,0.8408839
3_912,0.6692047,0.35069454,0.26724595,0.30202013,0.5261277
3_913,0.3196395,0.20314726,0.15180787,0.1455926,0.1991007
3_914,0.32827505,0.33311617,0.31304032,0.36977696,0.54931986
3_915,0.31630605,0.24901015,0.18950239,0.25369903,0.25886026
3_916,0.18237159,0.1840369,0.17256242,0.15607454,0.24025363
3_917,0.3703869,0.43159336,0.40125602,0.28679976,0.4917348
3_918,0.43315098,0.28561276,0.23330075,0.15392852,0.25283808
3_919,0.26776925,0.2993877,0.14949428,0.084197626,0.18389845
3_920,0.47195438,0.39868966,0.21546105,0.13486569,0.109637275
3_921,0.67109513,0.84591997,0.71243834,0.57135063,0.78068805
3_922,0.7554418,0.49139822,0.3002429,0.290895,0.30871737
3_923,0.6065097,0.53290206,0.26781645,0.3346783,0.34162337
3_924,0.76127267,1.2258313,0.5201251,0.75621957,0.6621185
3_925,0.6170448,0.71776164,0.4400928,0.46261314,0.40995574
3_926,0.6477351,0.5038485,0.38378662,0.34563145,0.35047737
3_927,0.33627847,0.6737846,0.422444,0.50089014,0.3929108
3_928,0.2773835,0.39628392,0.2667387,0.27174526,0.25812194
3_929,0.5245156,0.3909533,0.300313,0.19752693,0.30830914
3_930,0.32103235,0.30837905,0.30550385,0.19527203,0.23600727
3_931,0.18422358,0.25841314,0.20647794,0.1456157,0.18897143
3_932,0.20236936,0.25149775,0.14483447,0.24133588,0.18125254
3_933,0.28574467,0.27908856,0.3159337,0.2600264,0.35993588
3_934,0.71925426,0.43012714,0.30868283,0.27628988,0.25070116
3_935,0.25912642,0.27643767,0.30879116,0.12088344,0.2530734
3_936,0.17501438,0.57394326,0.5104298,0.50117725,0.43294418
3_937,0.22025025,0.26349735,0.19124034,0.18647596,0.15476435
3_938,0.18930903,0.44131082,0.37558848,0.2430411,0.27716792
3_939,0.16841578,0.21173382,0.17147213,0.15277994,0.14519304
3_940,0.2111749,0.22457549,0.21939987,0.15019633,0.17403793
3_941,0.5455462,0.329639,0.33466733,0.1674759,0.2402294
3_942,0.49950564,0.43102854,0.26738253,0.20508263,0.1085453
3_943,0.3567922,0.51755035,0.51348424,0.4070207,0.360846
3_944,0.7283045,0.37524426,0.42502248,0.35287726,0.6022804
3_945,0.9621979,0.39041042,0.629748,0.39460528,0.652544
3_946,0.54427594,0.3474213,0.34717473,0.32454717,0.55710685
3_947,0.58922315,0.8811729,0.5898143,0.66418874,0.9092722
3_948,0.71869147,0.6217838,0.8899071,0.6480312,0.76448494
3_949,0.4071226,0.4786352,0.9103529,0.35584074,0.5258398
3_950,0.48241127,0.5538608,0.31555784,0.35783947,0.30063528
3_951,0.39013135,0.29277962,0.4174018,0.23772563,0.32558554
3_952,0.54763055,0.8176111,0.62558365,0.61472225,0.624454
3_953,0.5445691,0.31231833,0.36843807,0.2687449,0.47237116
3_954,0.64603204,0.32055837,0.23871994,0.3319818,0.36737
3_955,0.56153834,0.43175256,0.35440755,0.48211256,0.41482517
3_956,0.23422302,0.4563657,0.44515216,0.53823113,0.5578457
3_957,0.5435892,0.43917555,0.4809398,0.45365685,0.5802535
3_958,0.90193737,0.6410613,0.9155842,0.7188419,0.952416
3_959,0.8785919,0.62839484,0.65990317,0.6527987,0.72224057
3_960,0.69033325,0.49161267,0.43445385,0.36140645,0.50143975
3_961,0.43165722,0.41262725,0.31417954,0.34219038,0.28526187
3_962,0.2792822,0.526541,0.36512682,0.5216137,0.6019591
3_963,0.19248551,0.38105303,0.41562575,0.35535717,0.6113328
3_964,0.3316656,0.8034886,0.48785168,0.510951,0.4973232
3_965,0.4312629,0.304788,0.38678488,0.26704037,0.4232152
3_966,0.4665177,0.28340977,0.3331561,0.20704153,0.4287721
3_967,0.21223752,0.25636506,0.24501151,0.17324835,0.2684207
3_968,0.36692154,0.9485605,0.62548006,0.6987344,0.6015538
3_969,1.1732116,0.3548262,0.51867384,0.270208,0.6001902
3_970,0.883373,0.26291627,0.23585008,0.28584003,0.36811286
3_971,0.5200481,0.3323677,0.3473081,0.3111034,0.3838124
3_972,0.17851003,0.29286867,0.5266335,0.31504694,0.42284328
3_973,0.3600713,0.41485265,0.5002793,0.3234043,0.4675372
3_974,0.5083125,0.49480617,0.66901076,0.5687059,0.60824156
3_975,0.3260424,0.38560605,0.6143367,0.38587406,0.7442131
3_976,0.9015572,0.6043626,0.53307086,0.46245733,0.45716286
3_977,0.54051054,0.37291878,0.5274625,0.3171443,0.44830412
3_978,0.39858127,0.5261791,0.5714408,0.60206306,0.60639054
3_979,0.3201179,0.37050045,0.3608219,0.34158608,0.34327173
3_980,0.3122006,0.5319945,0.7009406,0.40821987,0.62393105
3_981,0.511199,0.27051055,0.33507872,0.15362045,0.18617067
3_982,0.303727,0.22969277,0.23654792,0.1581567,0.3123613
3_983,0.3684055,0.23201168,0.26374358,0.092549756,0.29001957
3_984,0.5338552,0.41516772,0.3097523,0.25075445,0.30768633
3_985,0.27781743,0.3928635,0.3751505,0.29611146,0.34706983
3_986,0.3643132,0.43639946,0.3629536,0.30867302,0.3719204
3_987,0.74068713,0.6615118,0.7259291,0.81149006,0.69591486
3_988,0.35449392,0.3252669,0.38827503,0.21575645,0.32831666
3_989,0.4432771,0.41928524,0.43271935,0.25056353,0.3976981
3_990,0.37340426,0.37361658,0.2702777,0.25614285,0.34957308
3_991,0.40853018,0.48996124,0.7397852,0.34228364,0.61554027
3_992,0.2961005,0.5201609,0.3927999,0.26821476,0.20461202
3_993,0.40342957,0.8895686,0.6935543,0.49359453,0.4259944
3_994,0.3096579,0.1889486,0.26471895,0.11672632,0.23028031
3_995,1.0404484,0.5684576,0.25309935,0.2679179,0.4776885
3_996,0.60932326,0.26807386,0.29856068,0.19423106,0.4524813
3_997,0.7396912,0.60730433,0.30382407,0.3268205,0.26574814
3_998,0.49340272,0.48622733,0.44965494,0.26653308,0.3775981
3_999,0.41052192,0.44423455,0.2844748,0.36853674,0.32851824
3_1000,0.3942535,0.54856884,0.74224794,0.7971005,0.8700268
3_1001,0.48819497,0.14332773,0.17688799,0.15221152,0.33895308
3_1002,0.8521003,0.3522259,0.42008945,0.3970756,0.77604055
3_1003,1.1546975,0.68056417,0.9786057,0.9299013,0.9925256
3_1004,1.3837806,0.88257855,0.8546747,0.692862,0.7832906
3_1005,0.70852816,0.47937995,0.6938357,0.34335402,0.60890996
3_1006,0.29680383,0.42173427,0.43352687,0.33680186,0.37776935
3_1007,0.13030908,0.28022462,0.37739515,0.289734,0.385063
3_1008,0.55838716,0.4881136,0.5096996,0.5994953,0.64116025
3_1009,0.29571363,0.3918556,0.3762402,0.27113062,0.42899412
3_1010,0.23969297,0.2370619,0.11521513,0.1424356,0.16066271
3_1011,0.3867035,0.31773207,0.2833175,0.29496282,0.31371635
3_1012,0.2267797,0.23308685,0.13864675,0.1936163,0.21059489
3_1013,0.15948358,0.1942431,0.17082061,0.18714274,0.20811209
3_1014,0.21959807,0.22505972,0.22730088,0.18526897,0.21092947
3_1015,0.6386249,0.6102036,0.64627004,0.60140485,0.5414567
3_1016,0.637797,0.4365011,0.64378107,0.40206242,0.8220309
3_1017,0.42516464,0.31719476,0.45134383,0.36137772,0.49481273
3_1018,0.44442195,0.28577268,0.35074833,0.29238546,0.4024142
3_1019,0.3204839,0.32540476,0.2993353,0.3082708,0.34038773
3_1020,0.262674,0.20432183,0.19250259,0.22863224,0.20066059
3_1021,0.1765392,0.27952337,0.30179006,0.22770914,0.28098834
3_1022,0.2748563,0.21379817,0.2071346,0.18018118,0.17517287
3_1023,0.21929531,0.31825656,0.26050264,0.22399627,0.24411768
3_1024,0.3454262,0.2816903,0.30790615,0.26356515,0.29267186
3_1025,0.2921244,0.35387358,0.31843096,0.36572435,0.4076203
3_1026,0.3104059,0.2645312,0.36748296,0.3674702,0.40948758
3_1027,0.18965124,0.28250396,0.39508307,0.2817421,0.31765172
3_1028,0.23047888,0.4042849,0.47734132,0.37323654,0.73716533
3_1029,0.37633342,0.29974836,0.31269264,0.226875,0.33541358
3_1030,0.2644689,0.47275952,0.6146889,0.48476052,0.698446
3_1031,0.2823536,0.39166698,0.3852045,0.2729982,0.27647868
3_1032,0.6393223,0.3931631,0.58961594,0.3628682,0.6799982
3_1033,0.48536095,0.35586107,0.3741135,0.23989879,0.35446662
3_1034,0.31386954,0.31290558,0.29082432,0.17265639,0.20210233
3_1035,0.49273816,0.7759484,0.8049578,0.5459461,0.62133175
3_1036,0.65191543,0.41737795,0.3907143,0.35248056,0.34473738
3_1037,0.7297386,0.38470203,0.2519858,0.2059795,0.25109547
3_1038,0.42388713,0.40675634,0.3609273,0.24830824,0.4353425
3_1039,0.3054027,0.3166862,0.29505515,0.30069953,0.4249605
3_1040,0.32360876,0.26964062,0.2198227,0.18346696,0.21006444
3_1041,0.32943094,0.5378262,0.4917171,0.365102,0.40092096
3_1042,0.29202443,0.21919319,0.1795371,0.20842743,0.23083301
3_1043,0.12367442,0.18363148,0.21799043,0.18384635,0.21828452
3_1044,0.14777729,0.20996669,0.23341444,0.18586391,0.2556449
3_1045,0.29770887,0.36937758,0.31546724,0.1784892,0.34564662
3_1046,0.3099844,0.28630793,0.22360462,0.16297902,0.17873341
3_1047,0.16482379,0.2309533,0.27243862,0.15332223,0.35053945
3_1048,0.19812441,0.4702804,0.5104734,0.332785,0.32706857
3_1049,0.24046941,0.30641335,0.25122,0.18305057,0.15129602
3_1050,0.2297503,0.33957165,0.28195864,0.24040486,0.29077187
3_1051,0.35369298,0.3496127,0.2739886,0.24834228,0.27286693
3_1052,0.42908406,0.34572905,0.25819814,0.24871019,0.25958604
3_1053,0.20590445,0.268076,0.21032254,0.22618973,0.2098704
3_1054,0.19481516,0.20920917,0.22481644,0.23421192,0.3316788
3_1055,0.9252199,0.7544291,0.7719426,0.6392447,0.6449215
3_1056,0.23257016,0.21630235,0.1816858,0.19146763,0.19547175
3_1057,0.3984033,0.3664239,0.31437412,0.27937743,0.28132027
3_1058,0.5004774,0.37096608,0.34694868,0.26338,0.3166189
3_1059,0.23564383,0.20946002,0.12010957,0.1426129,0.18069792
3_1060,0.24016285,0.2264454,0.29050103,0.2666978,0.34864825
3_1061,1.0428833,0.47765833,0.494852,0.39998928,0.6201517
3_1062,0.61096424,0.68413925,0.6653533,0.5433588,0.7046548
3_1063,0.44430986,0.46384764,0.38683265,0.39632803,0.46678293
3_1064,0.35806042,0.6399951,0.947865,0.68906194,0.8562672
3_1065,0.20166957,0.25580263,0.24234219,0.19509983,0.19374856
3_1066,0.32927012,0.3415333,0.25599888,0.23974587,0.34905118
3_1067,0.2452095,0.30091113,0.20982139,0.27205962,0.21480285
3_1068,0.3498537,0.26050562,0.23814103,0.21978581,0.23588672
3_1069,0.21641123,0.32343233,0.34343582,0.18025962,0.31970274
3_1070,0.09838655,0.25743973,0.22593707,0.10982735,0.17486694
3_1071,0.05991479,0.20240054,0.1450493,0.18782106,0.14075026
3_1072,0.17689721,0.15947305,0.12936354,0.15533814,0.20193318
3_1073,0.40655595,0.37939018,0.2804257,0.29649115,0.30930763
3_1074,0.36013493,0.39598507,0.30886164,0.21486148,0.35418072
3_1075,0.28977194,0.32871225,0.1862219,0.23283336,0.26662022
3_1076,0.33808035,0.26517242,0.25293687,0.2322465,0.34576738
3_1077,0.20763227,0.28719693,0.22096586,0.22410282,0.2642444
3_1078,0.24386004,0.2811728,0.24103892,0.26500633,0.2530801
3_1079,0.20973773,0.25177497,0.30139625,0.3151535,0.36750042
3_1080,0.24557155,0.20396668,0.1301977,0.14541167,0.20981443
3_1081,0.29565185,0.32607102,0.31974804,0.26503634,0.32954675
3_1082,0.23480931,0.18723021,0.12629174,0.14542705,0.27135044
3_1083,0.09202266,0.19100684,0.2890718,0.1419331,0.28093433
3_1084,0.24924277,0.24574049,0.20092385,0.18630773,0.22281048
3_1085,0.18277806,0.32208797,0.25240692,0.29682904,0.3009588
3_1086,0.2746465,0.22376151,0.17816113,0.20910063,0.22980864
3_1087,0.33864838,0.33489454,0.36951524,0.31794742,0.4809447
3_1088,0.6337452,0.55236465,0.5142319,0.49676836,0.4170769
3_1089,0.55180454,0.5059498,0.7417033,0.50713646,0.6772029
3_1090,0.48190597,0.7686825,0.82810336,0.90032643,0.772557
3_1091,0.43960392,0.27788857,0.2948592,0.20982045,0.26338184
3_1092,0.2651667,0.31398612,0.2192808,0.28950292,0.35209358
3_1093,0.5087104,0.31034732,0.26809388,0.31790197,0.3582539
3_1094,0.3437904,0.21022433,0.19656354,0.2088658,0.3398221
3_1095,0.29756817,0.34415632,0.21619849,0.26008272,0.315726
3_1096,0.353985,0.40522143,0.34422958,0.34502035,0.37416646
3_1097,0.2567547,0.25467318,0.31163144,0.25954032,0.40858525
3_1098,0.22104123,0.22344166,0.16859367,0.17861424,0.25797334
3_1099,0.491575,0.3002708,0.2972179,0.25296798,0.4582392
3_1100,0.63299143,0.3351489,0.45510793,0.41419107,0.64718866
3_1101,0.22056997,0.17268045,0.16521566,0.148773,0.18153194
3_1102,0.41305542,0.32878008,0.24414347,0.23244476,0.25095046
3_1103,0.4135845,0.39459264,0.3685915,0.30570978,0.38693696
3_1104,0.54078484,0.5202526,0.43569183,0.36064494,0.36521405
3_1105,0.18166131,0.29273075,0.4197705,0.23499256,0.48526967
3_1106,0.16869023,0.27453178,0.2735602,0.2358999,0.21423277
3_1107,0.21392624,0.28907692,0.28811425,0.21160284,0.21903765
3_1108,0.24005443,0.6049643,0.6399913,0.50203884,0.39756852
3_1109,0.460614,0.38865972,0.3713854,0.23637614,0.20795919
3_1110,0.389624,0.40901336,0.4388739,0.23874854,0.36398685
3_1111,0.27981883,0.3115762,0.16246292,0.22885594,0.16230375
3_1112,0.12715594,0.26590997,0.22964355,0.16753456,0.21695076
3_1113,0.16083652,0.25022265,0.189682,0.1624403,0.17727873
3_1114,0.10973742,0.2494032,0.31056702,0.20505011,0.27461758
3_1115,0.13905954,0.15972428,0.15507507,0.10196893,0.16069467
3_1116,0.27043015,0.29185838,0.22247276,0.18111542,0.31541738
3_1117,0.5329034,0.31605712,0.16970825,0.18060055,0.29908347
3_1118,0.34811106,0.41325763,0.38449976,0.2964188,0.553789
3_1119,0.84163713,0.9148844,1.0370351,0.53539085,0.812171
3_1120,1.708529,0.7266451,0.6444987,0.51734847,0.55076253
3_1121,0.52083635,0.6682983,0.7980442,0.46912676,0.48503414
3_1122,0.3349942,0.6176964,0.67942834,0.43654108,0.5123281
3_1123,0.28166837,0.363454,0.40649277,0.20703211,0.20209198
3_1124,0.24567072,0.43435222,0.4635731,0.1891692,0.41439742
3_1125,0.3071016,0.26235276,0.18632156,0.1573045,0.2050227
3_1126,0.36479798,0.28784448,0.19566745,0.18873972,0.22265144
3_1127,0.19799599,0.20833907,0.14591087,0.12824465,0.16910216
3_1128,0.17129913,0.21700689,0.15589458,0.120050296,0.13198295
3_1129,0.23821872,0.2560779,0.21410045,0.23997426,0.24020587
3_1130,0.24533688,0.2770363,0.21118674,0.21085766,0.16693245
3_1131,0.23706716,0.25674647,0.16198802,0.15457393,0.09413722
3_1132,0.29996192,0.53512615,0.49106067,0.357171,0.39746195
3_1133,0.28161374,0.2758214,0.20499969,0.13391232,0.15485242
3_1134,0.20263606,0.47176033,0.34990948,0.3174536,0.3169216
3_1135,0.42593893,0.5071142,0.49967828,0.40315253,0.36933953
3_1136,0.3612026,0.31151327,0.26748878,0.17163518,0.17971149
3_1137,0.2322231,0.25914997,0.27178335,0.21748649,0.26535967
3_1138,0.3056063,0.3094532,0.26483655,0.20994109,0.3190222
3_1139,0.4109667,0.3600019,0.19615978,0.22944507,0.22532338
3_1140,0.22480296,0.47032106,0.3507272,0.30967718,0.52219355
3_1141,0.5443073,0.49414974,0.2789192,0.2667873,0.2911725
3_1142,0.5827682,0.68589306,0.38455847,0.32767045,0.45128232
3_1143,0.5977612,0.5469668,0.3650604,0.3613714,0.35214275
3_1144,0.3425422,0.3022678,0.26460838,0.24683921,0.26784927
3_1145,0.24936092,0.2513624,0.24243763,0.20853901,0.20655644
3_1146,0.32859793,0.40527865,0.31872338,0.21330093,0.29865396
3_1147,0.323647,0.5795665,0.7599945,0.3105551,0.6070807
3_1148,0.32957304,0.3582027,0.2959904,0.23533756,0.26802766
3_1149,0.14808984,0.45981705,0.5802907,0.38048172,0.40578562
3_1150,0.14606377,0.27726406,0.14352944,0.1983288,0.10697385
3_1151,0.38134575,0.3273939,0.26426613,0.16969073,0.37643093
3_1152,0.4091728,0.38766485,0.29356223,0.19589263,0.2554206
3_1153,0.098736346,0.1979071,0.20471464,0.1341857,0.16261244
3_1154,0.09751588,0.17443533,0.16336885,0.1121726,0.15666683
3_1155,0.19712901,0.27973294,0.2907123,0.21504378,0.2463308
3_1156,0.27957612,0.2531631,0.17129503,0.14184548,0.148518
3_1157,0.19460955,0.16690554,0.13217954,0.1309292,0.21096033
3_1158,0.15573145,0.19597404,0.15055244,0.1505949,0.1646714
3_1159,0.17007416,0.24045248,0.18661094,0.20918101,0.16055793
3_1160,0.19764343,0.25175858,0.19596434,0.21640769,0.20007288
3_1161,0.2854753,0.30974406,0.3315615,0.22929545,0.27346444
3_1162,0.39074016,0.28553054,0.2513439,0.13873543,0.16450319
3_1163,0.29020643,0.4135491,0.35045624,0.3283537,0.30865568
3_1164,0.23270701,0.3884474,0.4395957,0.4063999,0.4540036
3_1165,0.4285081,0.56582403,0.7116919,0.5983318,0.5735928
3_1166,0.57749903,0.6055168,0.80270386,0.53233415,0.58136755
3_1167,0.3871165,0.34248883,0.8045721,0.29652578,0.6554805
3_1168,0.2014492,0.33756495,0.34067196,0.32361066,0.3137775
3_1169,0.11814785,0.29602838,0.2193565,0.3027311,0.2670349
3_1170,0.2922228,0.31623834,0.24458234,0.2947661,0.25368476
3_1171,0.4834602,0.45189053,0.43671086,0.4213001,0.4211164
3_1172,0.72424984,0.33112082,0.30420655,0.34291202,0.366193
3_1173,0.27994937,0.2074776,0.16922894,0.14500144,0.13735744
3_1174,0.2690641,0.32492247,0.18754274,0.28254783,0.2639857
3_1175,0.3172393,0.28557765,0.23413429,0.29060507,0.31014663
3_1176,0.31848413,0.20933205,0.12772138,0.1391679,0.17781484
3_1177,0.18621743,0.3033213,0.3211841,0.2673583,0.33198103
3_1178,0.36478615,0.40803647,0.24217045,0.2386234,0.30465084
3_1179,0.36313504,0.28894213,0.28825656,0.24096294,0.38338953
3_1180,0.15107626,0.23294066,0.1617127,0.16108683,0.21435788
3_1181,0.2625371,0.33284926,0.222758,0.26323712,0.26503494
3_1182,0.4705568,0.40360856,0.43804055,0.25850704,0.48495618
3_1183,0.41019368,0.35612255,0.25420207,0.21214813,0.27569407
3_1184,0.22125411,0.32419783,0.34480888,0.2659553,0.38584515
3_1185,0.1906201,0.32291698,0.24624908,0.2622983,0.16043216
3_1186,0.19957376,0.35832804,0.21921888,0.15901446,0.11366037
3_1187,0.3711445,0.60427076,0.6733461,0.44529024,0.46834296
3_1188,0.21863455,0.17573018,0.15993258,0.10076997,0.07584652
3_1189,0.19579293,0.32575113,0.13843313,0.22599839,0.20915377
3_1190,0.2498784,0.3472305,0.32759088,0.3082599,0.32015055
3_1191,0.408714,0.29573572,0.19244307,0.21089648,0.26295826
3_1192,0.20847368,0.30380458,0.3231454,0.2841726,0.34607333
3_1193,0.08143641,0.31985945,0.50625175,0.33760804,0.37778065
3_1194,0.47852525,0.38834232,0.4299164,0.24417213,0.51987565
3_1195,0.39244014,0.21408188,0.3828287,0.166561,0.32871062
3_1196,0.13866505,0.23216626,0.20236364,0.14156471,0.15638384
3_1197,0.18599449,0.25146043,0.1928502,0.23963197,0.21319008
3_1198,0.22518274,0.2811396,0.49587625,0.33898103,0.55337024
3_1199,0.3936856,0.24167167,0.3036847,0.25386417,0.37695032
3_1200,0.41262585,0.26658705,0.3313653,0.27859557,0.4540344
3_1201,0.5296138,0.67528766,0.42644513,0.40545166,0.43797612
3_1202,0.9744588,0.37575725,0.4268721,0.24001577,0.3970322
3_1203,0.77077067,0.3310879,0.33622056,0.26502854,0.3497275
3_1204,0.29952288,0.37156302,0.3939797,0.38332367,0.35469535
3_1205,0.34279728,0.2920566,0.4077466,0.26346478,0.35010058
3_1206,0.49718583,0.7720812,0.8697638,0.72422445,0.59896094
3_1207,0.21132544,0.29414147,0.29632205,0.2510117,0.26714772
3_1208,0.15461713,0.22968785,0.16730522,0.1882616,0.25357953
3_1209,0.1593372,0.2510376,0.20504977,0.25593984,0.22542295
3_1210,0.18564045,0.2579798,0.27415663,0.23493713,0.3487176
3_1211,0.48017746,0.40111345,0.44053617,0.3671654,0.49481177
3_1212,0.37666374,0.36014616,0.37983263,0.3590221,0.43629965
3_1213,0.2085405,0.530333,0.7273455,0.48159644,0.48325935
3_1214,0.13751166,0.1920099,0.17895436,0.1507057,0.13426492
3_1215,0.20241965,0.31343424,0.30359685,0.30890667,0.355648
3_1216,0.16329741,0.25988296,0.2227729,0.250696,0.19343966
3_1217,0.34529245,0.35415238,0.34164935,0.32613558,0.44577414
3_1218,0.49024236,0.18577966,0.30296117,0.28634518,0.28152525
3_1219,0.2273757,0.1829352,0.3731599,0.15832531,0.26568142
3_1220,0.381963,0.25300962,0.22832866,0.21291594,0.34625515
3_1221,0.33609655,0.40542734,0.36911923,0.3680288,0.63836765
3_1222,1.0874407,0.44088006,0.7703475,0.49127087,1.2850767
3_1223,0.5222997,0.3431973,0.41385025,0.40230414,0.6370994
3_1224,0.54499245,0.32896304,0.32812276,0.30679584,0.3049512
3_1225,0.354678,0.52021843,0.6387445,0.501001,0.85079
3_1226,0.36152294,0.2977216,0.34213525,0.34627557,0.45525095
3_1227,0.23684862,0.19532529,0.2552091,0.1767632,0.24505606
3_1228,0.29413474,0.346695,0.31207758,0.332695,0.38829708
3_1229,0.36736643,0.30541658,0.22203119,0.30907094,0.3367366
3_1230,0.3435641,0.20984207,0.27022243,0.18217508,0.38685983
3_1231,0.46135497,0.24099122,0.2200385,0.2053838,0.23734426
3_1232,0.21129006,0.17845818,0.11883374,0.14818475,0.20179853
3_1233,0.3257785,0.32667077,0.3857373,0.35004365,0.38608974
3_1234,0.48799312,0.19795753,0.17173496,0.24119,0.34738836
3_1235,0.49579877,0.47182393,0.2894776,0.41426837,0.3952102
3_1236,0.2048856,0.35993436,0.28579646,0.21260048,0.20275497
3_1237,0.40241796,0.5449455,0.41398793,0.4456851,0.43174
3_1238,0.44727182,0.28819767,0.26122892,0.2868647,0.26877236
3_1239,0.117550425,0.24741587,0.25305727,0.1839545,0.24238388
3_1240,0.17378622,0.29397908,0.25328803,0.20279737,0.25786352
3_1241,0.363622,0.35646564,0.17742375,0.11963281,0.14983413
3_1242,0.17293805,0.24807517,0.20854348,0.16100597,0.2304855
3_1243,0.18489987,0.28272277,0.22341283,0.21356004,0.2527282
3_1244,0.22849575,0.57066226,0.35732913,0.43392473,0.37522465
3_1245,0.2693463,0.36338064,0.20301317,0.18478426,0.1320183
3_1246,0.2823134,0.40482223,0.4240473,0.1545262,0.29863244
3_1247,0.22229789,0.32978004,0.3641737,0.15714927,0.3386911
3_1248,0.13555197,0.30938628,0.2742135,0.2727584,0.2414533
3_1249,0.17385861,0.27970076,0.2528785,0.21438348,0.2620377
3_1250,0.26421583,0.24622796,0.17045939,0.12316191,0.18701574
3_1251,0.23317982,0.34351122,0.30920732,0.16558582,0.31491315
3_1252,0.19195467,0.32457745,0.18988222,0.11469944,0.14628729
3_1253,0.35485458,0.33282107,0.2571076,0.23715124,0.28400415
3_1254,0.23483205,0.28284726,0.22311431,0.22061369,0.17614132
3_1255,0.2059136,0.25196344,0.13564545,0.20761001,0.117108025
3_1256,0.29653072,0.449862,0.3790331,0.29233217,0.3826708
3_1257,0.3652203,0.31975478,0.2982066,0.20611246,0.21330392
3_1258,0.26084334,0.20590983,0.3478236,0.16506144,0.34767985
3_1259,0.4108613,0.64838636,0.58765936,0.5077573,0.6660315
3_1260,0.6524426,0.69589597,0.61062014,0.5316509,0.5312779
3_1261,0.67249835,0.39991468,0.4064805,0.22578421,0.20047568
3_1262,0.40058786,0.58793855,0.59673834,0.43548214,0.49499542
3_1263,0.4378842,0.25905895,0.2586962,0.24363613,0.33318463
3_1264,0.34951764,0.20329913,0.1951598,0.16494653,0.23298298
3_1265,0.2274427,0.33842456,0.2870289,0.25579074,0.30294958
3_1266,0.27927387,0.35771537,0.3925501,0.40030548,0.42892596
3_1267,0.19486466,0.18017279,0.26494473,0.16599116,0.31089866
3_1268,0.27226263,0.29741383,0.16243687,0.20721234,0.20608994
3_1269,0.28406045,0.28894866,0.23850453,0.23227121,0.37527946
3_1270,0.6625539,0.30478054,0.28021437,0.29256648,0.49570417
3_1271,0.45559686,0.3214879,0.2519471,0.20117433,0.25881723
3_1272,0.4756245,0.42807162,0.35741138,0.29823476,0.31770194
3_1273,0.24383074,0.35436285,0.35083294,0.17570005,0.2835251
3_1274,0.18044898,0.24852197,0.14684686,0.12071105,0.1197812
3_1275,0.26336306,0.27269924,0.31250563,0.15941238,0.35778117
3_1276,0.5314251,0.449372,0.3570618,0.26180416,0.3078399
3_1277,0.23329416,0.31847996,0.29430902,0.19672573,0.30800933
3_1278,0.21406804,0.26907825,0.2264419,0.20643392,0.22669798
3_1279,0.2827652,0.5450032,0.38230115,0.3241202,0.4577916
3_1280,0.20627771,0.31985435,0.41226888,0.27805385,0.34164098
3_1281,0.2411722,0.3539747,0.19443792,0.23480055,0.18350545
3_1282,0.27241385,0.43834275,0.37830293,0.37072182,0.36205882
3_1283,0.23334426,0.31545585,0.19596455,0.22178558,0.21909091
3_1284,0.2255486,0.30585295,0.18343636,0.23781994,0.2417215
3_1285,0.24108693,0.25409573,0.18189761,0.24777654,0.158946
3_1286,0.2726282,0.3389548,0.27013206,0.24241917,0.23199686
3_1287,0.66681385,0.32279813,0.2985105,0.34590715,0.34423724
3_1288,0.2992322,0.2907855,0.29854524,0.17835072,0.21677533
3_1289,0.4786706,0.64549047,0.51648,0.5286664,0.5505463
3_1290,0.7571917,0.4845441,0.7405062,0.300971,0.72942257
3_1291,0.34268907,0.34228605,0.23565428,0.21066156,0.27383658
3_1292,0.26417065,0.24935205,0.22717759,0.21959403,0.22836238
3_1293,0.2666333,0.2718693,0.17604683,0.20595017,0.23110735
3_1294,0.30832297,0.34221566,0.26524872,0.3140348,0.2976433
3_1295,0.31201446,0.29709798,0.29296842,0.22744,0.32947963
3_1296,0.3871504,0.39206475,0.2998417,0.29939333,0.30996794
3_1297,0.38340193,0.22556068,0.16865984,0.19849312,0.19291013
3_1298,0.26321474,0.28050154,0.33757943,0.2593004,0.4914499
3_1299,0.5373036,0.37011185,0.20806015,0.23018116,0.2348637
3_1300,0.44546083,0.3811251,0.48973295,0.29711157,0.5521693
3_1301,0.42000866,0.44626433,0.5046507,0.41452277,0.48356122
3_1302,0.30195874,0.38247862,0.32242388,0.23329078,0.30713776
3_1303,0.55889773,0.47640932,0.56467366,0.30435914,0.57927704
3_1304,0.42396426,0.28400427,0.22199348,0.13201728,0.21545617
3_1305,0.16436672,0.39207536,0.33435717,0.26854897,0.38089317
3_1306,0.16679356,0.36683506,0.2624483,0.23682177,0.25205544
3_1307,0.25701666,0.27389434,0.19919643,0.18444335,0.14574376
3_1308,0.33493116,0.42227307,0.2804512,0.25635898,0.26914284
3_1309,0.17527694,0.22680585,0.20060006,0.18067119,0.1509108
3_1310,0.2697335,0.23017153,0.22203211,0.16900507,0.22995886
3_1311,0.37657383,0.30255294,0.17553598,0.19458061,0.22597113
3_1312,0.26527855,0.34530067,0.2787483,0.250841,0.26609692
3_1313,0.17498854,0.2616136,0.2758313,0.18946528,0.20796123
3_1314,0.26711246,0.3079168,0.2276696,0.28965348,0.23780262
3_1315,0.21297632,0.24710773,0.283687,0.16083542,0.31847596
3_1316,0.22301891,0.23559079,0.1324514,0.18407154,0.20115912
3_1317,0.2231838,0.42200464,0.3639801,0.43676126,0.4696441
3_1318,0.42666596,0.30060863,0.20748164,0.25599205,0.32302243
3_1319,0.5100133,0.3193236,0.31463146,0.22179571,0.3551869
3_1320,0.18120208,0.20168798,0.21578805,0.18399394,0.26784816
3_1321,0.17473614,0.28975797,0.39068133,0.3032512,0.41850835
3_1322,0.6785877,0.46267503,0.49243915,0.41842282,0.45427367
3_1323,0.36781347,0.49060434,0.6018603,0.37047228,0.5714297
3_1324,0.36840734,0.5912068,0.47143015,0.5216172,0.5149535
3_1325,0.2485537,0.3367563,0.3296541,0.36318636,0.40158206
3_1326,0.3112837,0.29587752,0.30353075,0.2631894,0.28191534
3_1327,0.6509311,0.78256017,0.48388326,0.5066995,0.57506317
3_1328,0.3722353,0.579249,0.55584145,0.46615243,0.60525835
3_1329,1.3968642,1.0484126,1.2862524,1.0883574,1.1019541
3_1330,1.0815125,0.757175,0.84860516,0.70877755,0.8025851
3_1331,1.1521764,0.6222103,0.6441458,0.65978867,0.5078362
3_1332,0.67639077,0.64271057,0.9962641,0.6520052,0.71726114
3_1333,0.77900493,1.0225843,1.3087951,1.2147905,1.0562572
3_1334,0.32771212,0.32417935,0.61227083,0.24478668,0.42339706
3_1335,0.3858643,0.54180014,0.3909249,0.41907772,0.53031313
3_1336,0.44148114,0.34850168,0.28054807,0.26739234,0.3475794
3_1337,0.30247062,0.46393,0.48914492,0.49575478,0.6079378
3_1338,0.27355248,0.2054581,0.10475779,0.12104759,0.103330165
3_1339,0.69296247,0.4589271,0.36862612,0.27608076,0.5315454
3_1340,0.69639254,0.35124338,0.28112745,0.3124092,0.33157998
3_1341,0.20591477,0.280863,0.20427313,0.24979518,0.23737139
3_1342,0.23339458,0.2390707,0.25413847,0.22293219,0.24636194
3_1343,0.28820533,0.36102962,0.2758874,0.27534458,0.34764653
3_1344,0.27531248,0.32280108,0.41011566,0.2301513,0.34652382
3_1345,0.27333313,0.35791177,0.2372536,0.32329667,0.3171556
3_1346,0.34454527,0.35803956,0.3315916,0.337139,0.32785213
3_1347,0.1664443,0.36717826,0.36301374,0.36356384,0.37913513
3_1348,0.2848314,0.25688905,0.24725577,0.17563231,0.25029758
3_1349,0.34102625,0.33280373,0.22047338,0.1666233,0.23213634
3_1350,0.200977,0.35629043,0.3628904,0.25766623,0.33674538
3_1351,0.13732474,0.23441105,0.22964087,0.17141512,0.20226169
3_1352,0.4159862,0.3752514,0.29132938,0.2586767,0.2893495
3_1353,0.1514566,0.43008208,0.22023314,0.31048194,0.21995288
3_1354,0.1840052,0.23680916,0.2778603,0.21484435,0.33345422
3_1355,0.27805734,0.19173333,0.110559784,0.17389682,0.20921889
3_1356,0.57536674,0.34258658,0.27458793,0.21620469,0.36893
3_1357,0.43007684,0.28456056,0.336322,0.3056791,0.36947742
3_1358,0.22589272,0.20659542,0.18144481,0.13252905,0.15561953
3_1359,0.1840084,0.18394983,0.16493598,0.15276083,0.21629609
3_1360,0.22436112,0.23053701,0.14082202,0.16675216,0.16463077
3_1361,0.22626628,0.20353025,0.16084054,0.18614766,0.2208085
3_1362,0.32784504,0.28952163,0.27931994,0.24770567,0.4432886
3_1363,0.5532397,0.35332918,0.3029734,0.20921576,0.39914656
3_1364,1.4644351,0.9603096,1.0382372,0.6306359,1.2216206
3_1365,1.0138694,0.80554044,0.8915268,0.7312883,0.944584
3_1366,0.4188367,0.55436987,0.62632024,0.42407387,0.46400374
3_1367,0.27636743,0.7872368,0.770509,0.6717893,0.60928446
3_1368,0.24668068,0.38121772,0.36752188,0.25525633,0.3063923
3_1369,0.40762395,0.44788694,0.38651973,0.3082404,0.3898791
3_1370,0.3527566,0.5063311,0.47561663,0.42643583,0.6151868
3_1371,0.22710516,0.30431807,0.25509983,0.22241026,0.19067562
3_1372,0.49067044,0.30193168,0.21179423,0.22149906,0.25210512
3_1373,0.34724778,0.423646,0.4002167,0.30705282,0.3578117
3_1374,0.23147511,0.19157542,0.13764887,0.13653412,0.07094687
3_1375,0.1891118,0.39760712,0.3307507,0.30710435,0.29782942
3_1376,0.3313731,0.33054024,0.20603524,0.18017125,0.22565065
3_1377,0.2647205,0.5463912,0.5366883,0.32896194,0.45233005
3_1378,0.38566583,0.20954078,0.16601895,0.16198526,0.1055899
3_1379,0.31546742,0.3703978,0.34160298,0.22387818,0.3527854
3_1380,0.38868415,0.3035215,0.25294742,0.20624024,0.27833408
3_1381,0.15928048,0.27098668,0.27428266,0.20496523,0.2964189
3_1382,0.13379335,0.2658661,0.32382333,0.23518333,0.27422473
3_1383,0.23630498,0.31775236,0.29837936,0.19033149,0.27354568
3_1384,0.40281555,0.31822723,0.27986652,0.12169954,0.2584597
3_1385,0.24337922,0.23794977,0.23007527,0.115106985,0.31156692
3_1386,0.17913873,0.351736,0.29063928,0.24063031,0.23175779
3_1387,0.22903728,0.35457405,0.32521746,0.25172177,0.27621198
3_1388,0.21723779,0.46809155,0.3180923,0.3012302,0.31076333
3_1389,0.27706844,0.23126572,0.15371406,0.15594307,0.16894993
3_1390,0.26487055,0.2974676,0.29475683,0.21514748,0.24703906
3_1391,0.262736,0.25733227,0.09795729,0.14782417,0.041087218
3_1392,0.24372615,0.31717587,0.25647056,0.25177646,0.30681872
3_1393,0.40935618,0.2590989,0.16889936,0.19549724,0.19984284
3_1394,0.1527459,0.35675487,0.4338935,0.25585783,0.3806463
3_1395,0.18096259,0.16012129,0.14143832,0.11145371,0.09739595
3_1396,0.4724123,0.3799091,0.5654441,0.24234688,0.77552813
3_1397,0.58439463,0.3193695,0.4263291,0.1944946,0.38700998
3_1398,0.3292125,0.28016174,0.46457988,0.20688644,0.32832858
3_1399,0.20241493,0.52285,0.54270256,0.29200822,0.33119988
3_1400,0.17052773,0.28855824,0.32745105,0.22875005,0.2977616
3_1401,0.24186537,0.5053242,0.65570724,0.38910133,0.4812065
3_1402,0.19641256,0.16601637,0.15287161,0.10358369,0.06763137
3_1403,0.25139368,0.24537958,0.3808915,0.18237574,0.3101225
3_1404,0.52842075,0.3787995,0.4082836,0.19523455,0.25768
3_1405,0.76599705,0.2597576,0.8784226,0.20586264,0.4774777
3_1406,1.2504592,0.93213814,1.8969355,1.0360186,1.406184
3_1407,0.8819492,0.95525944,0.977924,0.7735141,0.72579217
3_1408,0.67420965,0.70564127,0.74982417,0.68622375,0.6183964
3_1409,1.1156247,1.1480912,1.4650351,1.0512023,0.92900515
3_1410,0.40570992,0.52135986,0.6422636,0.30080488,0.3898608
3_1411,0.3349555,1.0087628,0.7521672,0.9706558,0.7798257
3_1412,0.52677083,0.24991412,0.2658651,0.15375204,0.18461943
3_1413,0.44299424,0.28175014,0.27470183,0.18403229,0.25107637
3_1414,0.26133,0.29289395,0.3256154,0.18548977,0.32064542
3_1415,0.20385364,0.23882693,0.31521985,0.19221565,0.28098163
3_1416,0.21872953,0.4117706,0.4277415,0.31444132,0.28275317
3_1417,0.16285647,0.34526074,0.31290114,0.24741022,0.23738669
3_1418,0.3175345,0.6250378,0.9357208,0.49604586,0.6228741
3_1419,0.16735324,0.2944619,0.30356243,0.21059227,0.19162187
3_1420,0.85437566,1.0146222,1.165946,1.0191641,0.95470655
3_1421,0.67044723,0.3912868,0.48993707,0.4323142,0.556759
3_1422,0.7250041,0.3109994,0.30914873,0.28309807,0.42635697
3_1423,1.0699673,0.6544664,1.0929747,0.7122357,0.9830532
3_1424,0.4914012,0.60161865,0.69259906,0.44275284,0.41197297
3_1425,0.14496824,0.29466537,0.34420186,0.2346499,0.301217
3_1426,0.16134024,0.3556143,0.38665497,0.26707196,0.37214607
3_1427,0.5733142,0.9048026,1.0926218,0.6023232,0.81788546
3_1428,1.1343398,1.1584864,2.1349545,1.3529111,1.6799731
3_1429,0.5736428,0.62234473,0.789774,0.599387,0.7985486
3_1430,0.5601313,0.7028394,0.92536914,0.68913794,0.49751216
3_1431,0.6663614,0.825166,1.2070284,0.8229646,0.9622638
3_1432,0.54419124,0.39892447,0.6243973,0.5505495,0.7056073
3_1433,0.37476534,0.23976323,0.44202498,0.3294137,0.43452218
3_1434,0.67782277,0.6277991,0.4608484,0.45244187,0.4994905
3_1435,0.73603237,0.33912408,0.45780444,0.2817554,0.54081583
3_1436,0.7194171,0.35696936,0.49632442,0.3385942,0.52333415
3_1437,0.38407233,0.6847895,1.1198053,0.7047343,1.1712637
3_1438,0.21601453,0.5876072,0.9378665,0.40165544,0.5564843
3_1439,0.34361878,0.6325127,0.9448787,0.6959915,0.65156806
3_1440,0.623929,0.76754,0.6846359,0.7923641,0.6554717
3_1441,0.21198967,0.20886794,0.21383615,0.15228125,0.1651908
3_1442,0.21485132,0.25505877,0.24170244,0.20527855,0.27070844
3_1443,0.39601767,0.6539439,0.68017113,0.6574049,0.56581604
3_1444,0.70794916,0.35495383,0.4145674,0.2785039,0.56617284
3_1445,0.581207,0.40242016,0.41826603,0.2978275,0.51836455
3_1446,0.3821972,0.40494722,0.45600155,0.3385673,0.4000084
3_1447,0.21737587,0.59428936,1.1713939,0.58424115,1.0014225
3_1448,0.1671943,0.5964987,0.4894311,0.4225397,0.31916595
3_1449,0.2781278,0.40647405,0.55502987,0.29693946,0.43761212
3_1450,0.46851888,0.2136469,0.3238412,0.16708344,0.28121698
3_1451,0.41546535,0.28453273,0.3498659,0.2168319,0.24295035
3_1452,0.21640216,0.24165195,0.2765705,0.20690988,0.18124318
3_1453,0.19860023,0.24754258,0.3536807,0.22660124,0.4047009
3_1454,0.72816324,0.8537257,1.4676363,0.702021,1.498708
3_1455,0.4156863,1.0195659,1.9554917,0.96302617,1.3625109
3_1456,0.3389032,0.89877725,1.2033625,0.8321238,0.70502675
3_1457,0.29721814,0.59881496,0.5581238,0.41818327,0.33157343
3_1458,0.9193668,0.62743986,0.61121374,0.5406276,0.43315414
3_1459,0.84716916,0.76179844,0.944741,0.6358293,0.82381594
3_1460,0.32369047,0.35161954,0.3297547,0.35872975,0.35502887
3_1461,0.3924645,0.5123584,0.9616391,0.6241871,1.0287514
3_1462,0.8057771,0.6471293,1.0757722,0.63496655,0.66734123
3_1463,0.9343341,0.7254168,1.4125218,0.68042505,0.9424375
3_1464,1.2522278,1.0900702,1.5124507,1.2095034,1.076365
3_1465,0.7608812,0.7695044,1.3190361,0.9231261,0.9764273
3_1466,0.87283623,0.91115904,1.309881,0.8780391,0.91378766
3_1467,0.6791447,0.4230031,0.6256081,0.7599381,0.7717854
3_1468,0.66573316,0.2760111,0.47649515,0.5534983,0.6054967
3_1469,0.7156011,0.38050956,0.30301243,0.49138752,0.6684569
3_1470,0.9133676,0.48019353,0.59276605,0.636148,0.8187027
3_1471,0.79792833,1.2748268,1.771807,1.3151575,1.5171361
3_1472,0.75530505,0.2558603,0.2899018,0.3737278,0.47620824
3_1473,0.6267201,0.34416285,0.34740484,0.6074989,0.7121582
3_1474,0.5022992,0.34662026,0.3411012,0.38588113,0.45512563
3_1475,0.39566833,0.23447785,0.2690015,0.25627738,0.3666886
3_1476,0.48421744,0.622121,0.5138718,0.47066915,0.452731
3_1477,0.29221094,0.26787204,0.35486174,0.25696936,0.27279228
3_1478,0.6525285,0.28342313,0.6260407,0.17845227,0.42308724
3_1479,0.45995662,0.33796304,0.312739,0.13053575,0.18340236
3_1480,0.1701495,0.2693504,0.2701772,0.1897907,0.26659065
3_1481,0.21165258,0.4764285,0.5016107,0.4408102,0.5320755
3_1482,0.23411992,1.0620781,1.3700792,0.7689433,0.9508662
3_1483,0.30322298,1.3710408,1.4256033,1.1492996,0.9267326
3_1484,0.1771473,0.5212524,0.5349046,0.50135195,0.42275113
3_1485,0.79587674,0.67410445,0.7798482,0.6851386,0.5372147
3_1486,0.6391003,0.36980116,0.49618658,0.31640348,0.38236326
3_1487,0.6808622,0.3326237,0.6218778,0.29100332,0.4168167
3_1488,0.30464566,0.22042751,0.48697132,0.103478976,0.44134298
3_1489,0.5306203,0.25285894,0.19535217,0.20126012,0.2657072
3_1490,0.54036427,0.50713015,1.1361294,0.55584055,0.9985529
3_1491,0.5635337,0.09981674,0.39528823,0.09315243,0.43242714
3_1492,0.9547087,0.5571273,0.9431933,0.5623292,0.8704907
